id,segmentation
933048,0 25104 25105 254 25361 254 25617 4678 30296 255 30552 34984
487585,0 5974 5975 1538 7514 255 7770 255 8027 22135 30163 4853 35018 253 35274 252 35528 1 35530 254 35785 511 36297 254 36552 28984
000027,152 11 408 11 664 11 921 10 1178 8 1436 5 5213 4 5466 8 5721 10 5975 14 6231 16 6487 17 6743 18 7000 17 7256 18 7512 18 7768 18 8024 18 8280 17 8537 16 8793 14 9049 11 9306 8 9563 5 10175 2 10429 6 10471 4 10684 8 10725 7 10939 10 10979 9 11195 11 11234 10 11443 20 11489 11 11697 22 11743 13 11950 26 11998 14 12205 27 12254 14 12461 27 12509 15 12716 28 12764 16 12931 6 12972 28 13019 17 13039 4 13185 10 13227 29 13275 26 13441 11 13483 29 13530 27 13696 12 13739 29 13786 28 13951 13 13996 30 14041 29 14206 14 14252 31 14296 30 14462 14 14508 32 14552 30 14588 4 14689 4 14717 15 14764 37 14809 30 14843 5 14945 6 14973 15 15020 38 15067 29 15098 6 15201 8 15218 5 15228 17 15276 39 15324 36 15458 6 15472 29 15531 40 15581 35 15715 4 15724 33 15787 41 15838 34 15979 33 16043 41 16096 32 16234 34 16299 41 16354 30 16490 33 16555 41 16613 27 16746 32 16809 44 16870 26 17002 32 17063 46 17126 26 17259 30 17317 48 17384 24 17515 30 17572 49 17642 22 17772 28 17827 49 17898 22 18028 28 18082 50 18153 23 18284 28 18337 50 18408 24 18539 29 18593 49 18663 25 18795 29 18848 50 18919 25 19051 30 19104 50 19174 26 19295 3 19308 29 19360 50 19430 26 19550 6 19564 11 19576 17 19616 50 19685 27 19805 8 19821 9 19833 16 19872 50 19941 27 20061 10 20078 6 20089 16 20129 50 20196 28 20316 12 20346 15 20386 49 20451 29 20572 13 20603 13 20643 11 20655 36 20707 29 20828 13 20860 7 20899 10 20912 34 20962 29 21063 2 21085 12 21116 6 21156 8 21169 33 21218 28 21316 7 21341 12 21413 6 21427 31 21473 27 21571 8 21597 13 21687 27 21730 26 21826 9 21853 13 21944 25 21986 25 22082 10 22108 14 22201 24 22244 21 22338 10 22365 13 22458 24 22502 15 22594 10 22621 13 22714 24 22760 12 22850 10 22877 13 22971 23 23017 10 23107 9 23134 11 23227 23 23277 4 23364 8 23391 9 23483 23 23621 6 23650 4 23739 25 23880 1 23995 25 24250 26 24506 26 24573 3 24761 27 24827 5 24942 4 25017 26 25080 8 25197 7 25272 27 25334 10 25452 8 25527 28 25589 11 25708 9 25782 29 25844 12 25963 10 26036 31 26099 13 26218 12 26285 38 26355 13 26474 12 26540 39 26611 13 26729 12 26795 41 26867 13 26985 12 27051 41 27123 13 27241 12 27306 42 27380 12 27497 13 27561 42 27636 12 27753 13 27817 42 27893 11 28009 14 28073 42 28150 10 28265 15 28328 44 28412 4 28521 15 28584 44 28670 1 28777 15 28840 44 29033 15 29096 44 29289 15 29352 44 29545 15 29608 44 29801 14 29865 42 30057 14 30121 41 30313 13 30378 39 30569 13 30634 36 30825 12 30890 32 31082 11 31147 31 31338 10 31408 5 31418 15 31594 10 31674 15 31851 8 31931 13 32107 7 32187 13 32364 4 32444 10 32702 6 34384 6 34637 10 34892 12 35147 14 35402 16 35658 16 35914 16 36170 16 36340 2 36426 16 36596 2 36683 15 36852 2 36939 14 37108 1 37196 12 37453 9 37711 6 38883 6 39137 11 39385 3 39391 14 39630 32 39742 5 39884 35 39997 7 40139 36 40252 10 40394 37 40508 14 40649 38 40764 15 40905 38 41020 15 41160 39 41277 15 41416 39 41533 15 41672 38 41790 13 41928 38 42047 11 42183 39 42303 10 42439 39 42560 6 42694 40 42950 40 43205 42 43327 4 43461 42 43582 6 43716 43 43838 6 43972 42 44094 6 44228 42 44350 6 44484 42 44606 6 44740 42 44863 5 44997 41 45120 2 45254 40 45511 37 45768 32 46025 30 46281 30 46537 29 46793 29 47049 30 47304 31 47560 32 47816 32 48072 33 48328 33 48583 34 48839 34 49095 34 49351 33 49607 33 49862 35 50117 37 50373 38 50629 38 50884 40 51137 43 51392 28 51421 15 51646 26 51681 10 51901 26 51939 6 52157 25 52376 9 52413 25 52630 12 52669 24 52886 13 52925 23 53141 15 53181 23 53396 16 53437 23 53651 17 53692 24 53906 18 53948 25 54162 18 54204 27 54293 5 54417 19 54440 4 54460 29 54547 8 54670 23 54695 6 54717 30 54802 9 54925 24 54950 7 54974 30 55058 9 55180 24 55206 8 55231 30 55313 10 55436 23 55463 6 55487 30 55569 10 55691 19 55719 6 55744 29 55825 10 55946 20 55976 4 56000 29 56080 10 56197 24 56233 2 56250 4 56256 29 56297 7 56336 9 56452 26 56505 7 56513 28 56552 11 56592 8 56706 28 56760 8 56770 26 56808 14 56848 7 56961 31 57016 8 57027 25 57064 15 57105 5 57216 32 57272 8 57283 25 57320 16 57362 3 57472 32 57528 8 57539 25 57577 15 57727 34 57784 7 57796 24 57832 17 57983 34 58042 3 58052 24 58088 17 58239 35 58309 10 58323 9 58344 18 58494 37 58566 7 58579 8 58600 20 58750 37 58822 6 58836 6 58856 24 59007 37 59079 4 59094 1 59112 24 59263 37 59335 3 59368 24 59519 37 59624 24 59776 36 59879 25 60033 35 60133 27 60289 35 60388 28 60546 34 60643 29 60803 10 60816 20 60899 29 61062 5 61074 18 61155 29 61331 16 61411 29 61589 12 61667 29 61923 29 62179 29 62435 29 62690 30 62946 30 63202 30 63457 31 63713 31 63969 31 64225 31 64481 31 64738 30 64994 30 65251 29 65507 29
332934,0 65536
567636,0 152 160 247 411 1 416 242 659 2 673 240 930 238 1187 237 1444 236 1697 238 1953 237 2209 236 2446 2 2449 2 2466 242 2723 242 2979 240 3235 240 3491 240 3732 1 3744 243 4001 243 4257 245 4512 247 4768 248 5023 250 5279 250 5535 79 5615 170 5790 252 6049 249 6305 251 6561 77 6641 172 6817 72 6891 4 6897 172 7073 72 7149 1 7153 171 7327 75 7404 1 7410 172 7583 75 7660 1 7662 1 7666 248 7919 1 7923 208 8134 36 8175 1 8178 205 8385 1 8388 38 8431 2 8434 204 8646 36 8687 207 8904 35 8942 207 9157 2 9160 246 9411 3 9418 244 9667 251 9923 1 9925 4 9931 240 10181 2 10187 1 10189 232 10437 1 10445 1 10447 30 10478 192 10673 4 10684 1 10699 3 10704 29 10734 192 10930 4 10936 2 10957 2 10960 29 10990 189 11187 2 11216 1 11219 215 11441 1 11444 1 11472 24 11499 2 11505 124 11630 53 11685 5 11699 1 11729 26 11762 122 11886 53 11942 5 11948 1 11954 2 11984 25 12019 122 12142 52 12199 7 12208 5 12241 22 12274 177 12456 1 12460 1 12465 6 12491 1 12496 21 12530 118 12649 58 12713 1 12720 2 12747 1 12751 22 12787 118 12906 59 12969 2 12972 8 12983 1 12996 1 13002 2 13006 22 13043 179 13229 11 13243 1 13251 2 13258 2 13261 28 13298 180 13486 14 13505 4 13510 2 13514 2 13517 28 13556 3 13563 172 13741 13 13755 3 13760 5 13770 1 13773 24 13813 2 13820 171 13993 1 13995 15 14015 7 14026 1 14030 19 14053 1 14058 1 14070 1 14076 175 14252 5 14258 3 14262 3 14267 7 14275 3 14282 1 14290 8 14301 1 14307 3 14313 2 14332 181 14515 2 14520 1 14523 4 14532 2 14537 2 14561 1 14572 1 14590 180 14773 1 14779 2 14787 4 14794 2 14804 2 14827 2 14846 179 15033 1 15040 7 15102 178 15295 6 15337 2 15358 177 15542 2 15551 1 15553 3 15586 1 15590 8 15614 177 15807 2 15810 1 15840 18 15870 182 16062 8 16076 2 16105 13 16126 1 16128 181 16315 9 16326 8 16354 12 16369 2 16372 4 16382 182 16572 1 16577 1 16579 7 16587 1 16592 1 16597 2 16600 1 16603 21 16625 6 16638 182 16829 2 16832 2 16835 2 16846 10 16859 26 16886 2 16889 1 16894 182 17086 4 17101 45 17150 181 17355 47 17406 184 17599 2 17611 35 17647 4 17652 5 17662 180 17843 2 17854 2 17866 34 17903 1 17908 1 17915 1 17918 180 18121 34 18158 3 18169 1 18171 1 18174 180 18377 41 18424 1 18430 180 18633 33 18674 1 18677 2 18684 181 18884 3 18888 33 18932 2 18935 1 18940 181 19135 1 19138 1 19143 38 19188 3 19197 180 19402 4 19407 20 19428 6 19447 185 19658 1 19660 22 19683 4 19704 185 19915 24 19962 184 20173 21 20221 182 20430 18 20476 184 20674 1 20684 16 20703 1 20732 184 20938 10 20949 8 20958 3 20988 184 21196 1 21199 15 21217 1 21244 1 21246 182 21452 6 21461 1 21464 5 21502 183 21711 16 21757 184 21969 2 21972 1 21974 10 22013 143 22162 36 22220 2 22224 3 22232 4 22237 1 22248 2 22251 2 22269 139 22409 2 22418 1 22422 35 22480 3 22486 10 22497 2 22500 1 22507 5 22515 2 22526 1 22528 134 22664 1 22666 1 22679 3 22684 32 22720 2 22736 1 22742 13 22759 14 22782 1 22784 137 22935 3 22941 32 22976 1 22991 2 22994 3 22999 2 23002 6 23013 15 23040 136 23187 5 23195 39 23235 1 23248 5 23257 6 23266 20 23288 2 23294 132 23427 3 23444 45 23506 1 23513 6 23521 25 23548 1 23550 136 23708 38 23769 34 23804 135 23942 1 23963 40 24005 1 24019 1 24024 1 24026 8 24035 1 24038 20 24060 135 24219 42 24274 15 24293 158 24456 2 24471 3 24476 43 24529 6 24538 9 24548 159 24712 2 24728 48 24786 2 24789 1 24791 3 24796 164 24963 2 24976 2 24984 48 25042 8 25052 1 25054 162 25231 3 25235 2 25240 51 25296 5 25302 2 25305 2 25309 162 25486 3 25492 3 25496 55 25552 4 25559 27 25587 141 25741 4 25747 61 25809 1 25811 2 25814 167 25996 1 25999 2 26002 61 26068 1 26070 38 26110 126 26249 71 26322 1 26324 1 26326 167 26504 72 26583 137 26724 23 26759 73 26841 135 26985 19 27014 74 27097 2 27104 1 27106 126 27242 18 27270 73 27361 127 27496 18 27526 74 27615 128 27751 6 27761 3 27766 4 27782 74 27871 128 28006 7 28015 1 28018 2 28022 3 28037 75 28114 2 28131 124 28263 5 28271 2 28274 2 28293 79 28386 124 28520 4 28527 1 28530 1 28549 78 28641 126 28777 3 28783 1 28796 3 28805 77 28900 122 29035 1 29051 3 29060 78 29156 121 29306 5 29314 80 29410 1 29412 121 29562 7 29570 81 29663 126 29814 1 29817 51 29869 39 29915 2 29922 2 29925 119 30058 1 30070 51 30127 37 30172 2 30177 1 30182 119 30313 1 30326 51 30385 40 30427 6 30435 24 30460 97 30568 2 30577 1 30582 50 30641 47 30689 1 30691 24 30716 98 30826 1 30832 3 30838 2 30844 43 30897 74 30973 97 31084 1 31087 1 31101 43 31155 64 31220 6 31229 34 31266 1 31268 59 31340 3 31356 45 31410 51 31462 12 31477 2 31485 30 31523 61 31595 4 31611 47 31666 1 31668 56 31726 4 31740 30 31780 54 31836 5 31852 1 31867 47 31921 1 31924 56 31996 28 32036 55 32106 1 32122 49 32172 1 32174 2 32179 58 32252 26 32288 1 32290 1 32293 5 32299 43 32345 3 32377 54 32432 61 32508 27 32544 54 32633 51 32685 64 32765 27 32797 22 32822 29 32888 118 33020 85 33144 119 33276 56 33338 22 33364 2 33399 120 33532 56 33595 7 33604 12 33653 122 33788 55 33850 15 33866 6 33898 1 33909 122 34044 55 34107 12 34123 1 34126 1 34165 121 34300 54 34362 3 34368 2 34371 1 34411 2 34419 125 34550 60 34618 1 34620 1 34624 4 34668 2 34674 126 34804 2 34807 4 34812 1 34814 27 34842 25 34882 1 34924 3 34928 130 35060 64 35129 1 35174 1 35179 201 35384 5 35431 205 35640 8 35691 144 35836 55 35892 12 35948 143 36092 68 36205 212 36455 148 36604 69 36710 220 36968 143 37112 74 37224 220 37445 1 37480 139 37621 77 37701 1 37736 222 37992 224 38246 1 38248 225 38500 3 38504 224 38758 227 39009 1 39013 1 39015 226 39272 226 39528 227 39771 1 39779 3 39784 229 40014 1 40029 4 40035 239 40276 1 40284 1 40286 248 40535 1 40540 8 40550 241 40795 1 40797 7 40805 1 40807 170 40979 82 41062 172 41235 82 41318 45 41366 115 41482 2 41487 74 41562 1 41564 54 41621 95 41719 17 41739 1 41743 132 41876 93 41975 19 41995 1 41998 2 42001 4 42006 218 42232 248 42489 247 42745 116 42862 130 43001 248 43258 103 43363 66 43430 76 43513 169 43685 78 43768 168 43943 76 44023 53 44078 53 44133 54 44190 2 44199 133 44334 54 44389 53 44456 242 44713 241 44969 235 45206 1 45208 1 45226 234 45483 232 45723 1 45738 231 45980 1 45995 230 46251 230 46504 234 46758 237 47015 236 47270 237 47525 240 47781 242 48036 244 48289 1 48291 246 48548 10 48559 234 48804 10 48815 1 48817 232 49060 11 49073 233 49311 1 49316 11 49329 233 49571 12 49586 232 49824 2 49828 246 50081 1 50084 246 50337 235 50573 13 50594 232 50828 14 50850 232 51085 253 51340 239 51580 255 51836 255 52092 769 52862 254 53119 252 53375 250 53626 2 53629 251 53882 2 53885 3 53889 249 54139 1 54141 92 54235 116 54352 41 54397 93 54492 4 54497 152 54653 93 54748 5 54754 151 54907 95 55003 2 55007 154 55163 1 55165 94 55263 157 55421 95 55520 155 55678 93 55776 154 55934 95 56032 1374 57408 251 57664 254 57919 278 58198 2 58203 250 58455 2 58459 250 58710 3263 61974 347 62322 255 62579 255 62835 1281 64118 254 64374 248 64626 1 64631 256 64890 251 65149 249 65406 130
772465,0 65536
623676,0 226 227 1 230 253 486 248 737 2 742 248 999 246 1256 244 1512 246 1764 1 1767 247 2019 251 2276 2851 5128 253 5385 252 5641 9200 14842 18945 33788 255 34044 255 34301 3267 37570 4118 41691 13571 55264 10272
315120,0 65536
513583,0 21815 21816 1633 23451 252 23707 250 23962 1 23964 248 24220 248 24476 250 24732 251 24988 251 25244 251 25496 1 25500 254 25756 253 26012 253 26267 2194 28462 254 28718 254 28973 36563
000018,134 57 202 15 219 9 390 56 458 15 476 9 645 56 714 16 732 10 900 57 969 17 989 9 1156 57 1224 19 1246 8 1270 4 1411 88 1504 6 1524 7 1667 89 1761 5 1780 8 1923 90 2018 3 2035 9 2179 92 2291 10 2435 94 2547 10 2691 94 2804 9 2946 96 3060 10 3202 96 3317 10 3458 96 3568 16 3715 94 3823 17 3971 94 4078 18 4227 92 4333 19 4484 90 4586 22 4740 89 4840 24 4997 87 5094 26 5253 86 5349 27 5509 84 5604 28 5766 82 5860 28 6022 82 6115 29 6279 80 6371 29 6535 80 6626 30 6792 79 6882 30 7049 78 7138 30 7307 75 7394 30 7564 75 7649 31 7821 74 7906 30 8078 73 8162 30 8335 72 8418 30 8574 1 8591 72 8674 30 8827 7 8847 72 8923 4 8930 30 9078 13 9104 112 9332 16 9360 112 9587 18 9616 112 9843 19 9871 113 10099 19 10126 114 10355 19 10381 115 10612 17 10637 115 10868 15 10892 116 11124 13 11148 116 11380 12 11404 116 11636 10 11660 116 11894 6 11916 116 12151 2 12173 107 12282 6 12428 106 12539 5 12684 105 12794 6 12939 105 13050 6 13194 105 13306 6 13450 103 13562 6 13705 103 13818 6 13961 103 14076 4 14217 102 14333 3 14472 103 14728 102 14985 101 15241 101 15497 100 15754 98 16010 98 16266 98 16523 96 16779 96 17036 93 17294 89 17553 85 17810 83 18067 81 18323 81 18581 79 18838 79 19102 71 19361 69 19620 67 19876 68 20133 68 20389 68 20646 68 20902 68 21159 67 21416 66 21673 65 21930 45 21981 13 22188 40 22238 11 22445 38 22495 10 22704 34 22751 11 22962 30 23007 11 23218 29 23262 13 23475 29 23511 6 23518 13 23732 32 23766 22 23989 56 24246 56 24502 56 24759 55 25017 54 25275 6 25292 35 25342 2 25533 1 25550 33 25597 3 25806 34 25852 4 26062 34 26107 5 26317 43 26362 6 26573 51 26829 51 27083 53 27338 54 27593 55 27848 56 28104 56 28360 56 28615 57 28870 58 29125 59 29381 59 29630 2 29637 59 29884 68 30139 69 30395 69 30651 69 30907 69 31163 69 31420 68 31676 68 31933 67 32189 67 32445 67 32701 67 32957 67 33213 67 33469 67 33640 4 33726 66 33895 8 33983 65 34151 12 34241 63 34406 14 34500 60 34661 16 34756 60 34917 16 35013 59 35172 17 35269 59 35428 16 35526 58 35683 17 35783 57 35936 21 36040 49 36092 4 36191 23 36299 45 36349 3 36446 25 36556 42 36605 3 36702 26 36812 41 36862 1 36958 26 37067 42 37214 26 37323 41 37470 26 37578 41 37726 26 37834 41 37983 24 38090 42 38239 24 38345 43 38497 21 38598 47 38758 17 38852 49 39016 15 39108 49 39274 13 39363 50 39529 14 39619 50 39784 15 39874 51 40044 11 40130 50 40301 10 40386 50 40558 9 40642 50 40816 5 40898 50 41153 50 41409 50 41665 49 41921 49 41993 4 42177 48 42249 4 42434 48 42505 4 42691 47 42761 4 42895 3 42950 44 43131 11 43151 3 43207 43 43386 15 43407 3 43464 42 43642 17 43664 1 43720 42 43898 20 43976 42 44154 23 44232 41 44307 6 44409 26 44488 41 44560 12 44665 26 44743 41 44814 15 44921 27 44999 41 45069 17 45177 28 45255 40 45324 19 45434 27 45511 39 45580 20 45690 28 45767 38 45836 21 45946 28 46023 32 46092 22 46202 28 46279 19 46303 7 46348 22 46457 29 46536 18 46559 6 46604 22 46712 30 46792 17 46817 3 46860 22 46968 30 47051 14 47116 22 47223 32 47372 22 47479 32 47628 22 47735 32 47885 20 47990 32 48142 18 48247 31 48400 15 48503 30 48659 4 48759 28 49015 25 49271 23 49528 21 49784 18 50041 16 50298 14 50556 12 50814 9 51070 8 51328 3 55636 1 55888 13 56126 4 56142 18 56380 7 56394 22 56635 10 56647 26 56890 39 57145 41 57400 43 57654 46 57909 47 58163 50 58419 50 58675 50 58931 49 59188 48 59445 46 59701 45 59957 46 60213 46 60469 48 60725 49 60980 52 61236 53 61492 54 61748 54 62004 54 62260 54 62516 54 62772 53 63029 51 63288 6 63297 39 63554 17 63575 3 63580 11 63810 14 63838 8 64067 8 64097 1
664566,0 65536
478603,0 65536
416208,7166 2 7421 3 7677 3 7932 4 8184 8 8433 1 8435 1 8438 10 8689 15 8938 1 8941 1 8943 17 9195 21 9445 1 9447 25 9701 27 9953 31 10207 33 10461 35 10714 38 10966 42 11218 46 11471 49 11725 51 11973 2 11977 3 11981 51 12225 1 12229 1 12231 57 12478 2 12481 4 12486 58 12733 1 12735 65 12984 2 12987 1 12989 5 12995 61 13241 71 13493 2 13496 72 13742 4 13749 16 13766 58 13995 2 13998 82 14248 1 14251 2 14254 82 14507 85 14761 87 15007 4 15012 92 15262 98 15513 103 15771 101 16018 3 16026 102 16271 3 16275 60 16336 48 16524 82 16607 33 16781 82 16864 32 17035 117 17289 119 17541 123 17793 127 18047 129 18299 133 18553 135 18805 139 19058 142 19310 146 19564 148 19817 151 20070 154 20323 157 20576 53 20630 106 20827 1 20829 163 21081 167 21333 60 21394 110 21587 99 21687 73 21839 177 22089 1 22092 180 22344 184 22596 1 22598 186 22850 190 23104 192 23356 196 23605 2 23608 1 23610 198 23858 206 24112 208 24367 209 24621 211 24873 1 24875 213 25123 1 25127 112 25240 104 25379 116 25496 104 25633 119 25753 26 25780 76 25885 227 26134 3 26138 150 26289 79 26387 1 26389 155 26545 79 26641 2 26644 236 26896 240 27148 1 27151 243 27402 248 27656 141 27799 503 28303 2 28306 248 28555 7185 35741 253 35996 254 36252 597 36850 441 37293 252 37546 1 37548 328 37877 256 38135 255 38391 256 38648 2727 41376 44 41423 253 41680 506 42187 5 42194 248 42443 257 42701 5 42707 250 42958 5 42964 717 43682 247 43930 60 43991 217 44209 234 44447 16 44465 234 44703 17 44721 235 44958 1 44960 16 44977 239 45217 15 45233 236 45470 1326 46798 250 47050 1 47055 249 47305 2 47311 248 47566 209 47778 38 47821 210 48035 37 48075 214 48291 254 48546 1006 49553 1 49555 253 49811 253 50067 1 50069 251 50327 4 50332 1 50334 242 50578 2 50583 1 50587 2 50590 8 50600 236 50838 2 50843 1 50847 3 50851 4 50856 18 50875 37 50913 179 51103 23 51131 1 51134 214 51356 1 51359 22 51385 1 51391 3 51395 208 51604 1 51614 22 51643 2 51647 206 51855 6 51869 24 51897 1 51904 212 52117 1 52126 22 52151 4 52160 3 52165 1 52167 204 52373 1 52383 22 52413 1 52418 2 52422 23 52446 183 52632 4 52638 23 52670 2 52677 24 52702 183 52888 2 52891 27 52921 1 52930 27 52958 183 53144 29 53175 2 53186 212 53399 1 53401 27 53439 216 53657 27 53693 216 53912 30 53947 2 53950 217 54168 29 54202 3 54206 244 54457 2 54462 245 54712 1 54717 249 54973 249 55228 216 55446 30 55484 249 55734 1 55737 1 55739 253 55995 26 56022 226 56250 26 56278 225 56504 27 56535 4 56540 247 56788 260 57052 247 57300 3 57306 249 57556 255 57812 251 58065 255 58321 240 58562 15 58578 7 58586 1 58588 230 58820 8 58830 13 58844 230 59077 9 59087 2 59090 2 59093 1 59095 236 59333 9 59343 6 59350 226 59577 6 59584 15 59601 4 59606 226 59833 22 59859 2 59863 249 60113 5 60119 222 60343 7 60351 15 60368 6 60376 221 60599 4 60604 1 60608 14 60624 222 60847 6 60855 4 60864 14 60879 223 61103 6 61112 3 61120 5 61126 3 61130 3 61135 4 61140 216 61358 7 61368 1 61370 1 61376 10 61388 2 61391 221 61614 6 61631 7 61640 2 61644 1 61646 219 61866 2 61869 8 61878 1 61891 1 61893 1 61898 1 61902 216 62120 1 62122 1 62124 1 62126 1 62128 7 62147 1 62158 214 62383 2 62386 6 62403 1 62415 1 62417 208 62628 1 62638 10 62649 1 62667 1 62670 2 62674 206 62883 4 62890 1 62895 11 62914 1 62929 31 62965 180 63148 15 63168 3 63183 33 63218 1 63221 198 63423 4 63436 2 63440 32 63479 167 63647 29 63677 10 63691 2 63696 14 63711 16 63735 197 63933 7 63942 24 63967 1 63970 14 63992 163 64158 30 64189 1 64191 2 64199 22 64227 13 64247 164 64413 36 64451 21 64473 2 64483 8 64495 2 64503 201 64706 21 64728 3 64739 8 64748 1 64751 4 64756 1 64759 179 64942 20 64963 24 64993 12 65007 3 65012 184 65198 23 65222 21 65251 191 65444 8 65458 9 65469 8 65478 15 65496 6 65507 12 65520 16
711772,0 65536
715702,0 65536
799155,0 48743 48745 16791
722180,0 229 256 230 512 230 768 230 1024 227 1253 1 1280 231 1536 228 1765 2 1792 228 2021 2 2048 231 2304 231 2560 229 2790 2 2816 232 3072 229 3303 1 3328 229 3559 1 3584 230 3815 2 3840 230 4072 1 4096 230 4352 230 4583 2 4608 233 4864 231 5096 2 5120 234 5376 232 5609 1 5632 231 5865 2 5888 232 6121 2 6144 232 6377 2 6400 232 6633 2 6656 235 6912 236 7168 236 7424 236 7680 236 7936 233 8171 2 8192 234 8427 2 8448 234 8684 1 8704 234 8939 1 8960 237 9216 237 9472 235 9708 2 9728 238 9984 235 10221 1 10240 235 10477 1 10496 236 10733 2 10752 236 10990 1 11008 236 11246 1 11264 236 11501 2 11520 237 11758 1 11776 237 12014 2 12032 240 12288 237 12527 1 12544 237 12783 2 12800 237 13039 2 13056 238 13295 2 13312 238 13552 1 13568 238 13807 2 13824 241 14080 239 14320 2 14336 242 14592 242 14848 242 15104 243 15360 243 15616 240 15872 244 16128 243 16384 244 16640 244 16896 244 17152 241 17395 2 17408 242 17651 2 17664 245 17920 242 18163 2 18176 242 18419 2 18432 246 18688 246 18944 246 19200 246 19456 244 19701 1 19712 243 19957 2 19968 247 20224 244 20470 1 20480 244 20725 1 20736 247 20992 245 21248 245 21494 2 21504 245 21750 2 21760 245 22007 1 22016 245 22263 1 22272 249 22528 246 22776 1 22784 246 23031 1 23040 249 23296 247 23544 1 23552 247 23800 1 23808 247 24064 247 24313 1 24320 247 24576 247 24826 1 24832 248 25082 1 25088 248 25337 2 25344 251 25600 249 25856 249 26106 2 26112 251 26368 249 26624 249 26880 249 27136 249 27392 250 27644 1 27648 250 27899 2 27904 253 28160 253 28416 254 28672 254 28928 254 29184 255 29440 255 29696 35840
734470,0 173 256 174 512 174 768 172 941 1 1024 171 1280 173 1454 1 1536 172 1792 172 2048 172 2304 172 2560 172 2816 173 2991 1 3072 173 3247 1 3328 173 3502 3 3584 174 3760 1 3840 174 4015 2 4096 177 4352 175 4528 2 4608 178 4864 178 5120 179 5376 179 5632 179 5888 180 6144 180 6400 180 6656 180 6912 181 7168 181 7424 181 7680 181 7936 182 8192 182 8448 182 8704 182 8960 183 9216 183 9472 183 9728 183 9984 184 10240 184 10496 184 10752 184 11008 185 11264 185 11520 186 11776 186 12032 186 12288 186 12544 186 12800 186 13056 187 13312 187 13568 187 13824 188 14080 188 14336 188 14592 188 14848 189 15104 189 15360 189 15616 190 15872 190 16128 190 16384 190 16640 190 16896 191 17152 191 17408 191 17664 191 17920 192 18176 192 18432 192 18688 192 18944 193 19200 193 19456 193 19712 194 19968 194 20224 194 20480 194 20736 191 20929 1 20992 195 21248 192 21442 1 21504 192 21697 2 21760 195 22016 195 22272 196 22528 196 22784 196 23040 197 23296 197 23552 197 23808 198 24064 198 24320 198 24576 199 24832 138 24972 59 25088 199 25344 199 25600 134 25736 63 25856 134 25992 64 26112 200 26368 200 26624 200 26880 201 27136 201 27392 201 27648 202 27904 202 28160 202 28416 203 28672 203 28928 203 29184 204 29440 204 29696 204 29952 204 30208 205 30464 205 30720 205 30976 205 31232 206 31488 206 31744 206 32000 206 32256 207 32512 207 32768 207 33024 207 33280 208 33536 208 33792 208 34048 97 34148 10 34159 94 34254 2 34304 97 34404 5 34418 91 34511 1 34560 97 34674 91 34767 2 34816 97 34930 91 35023 2 35072 97 35186 91 35280 1 35328 97 35429 4 35441 93 35536 1 35584 98 35683 7 35692 98 35792 1 35840 207 36048 2 36096 128 36225 78 36304 2 36352 121 36475 5 36481 78 36561 1 36608 122 36731 84 36817 1 36864 207 37120 207 37376 208 37632 207 37888 197 38086 10 38144 208 38400 208 38656 209 38912 197 39110 11 39124 1 39168 209 39379 1 39424 197 39623 11 39635 2 39680 197 39880 10 39892 1 39936 197 40139 3 40144 2 40148 2 40192 197 40401 1 40404 2 40448 197 40658 1 40661 1 40704 197 40912 1 40914 1 40917 2 40960 198 41168 3 41173 2 41216 198 41424 4 41430 1 41472 198 41680 4 41686 2 41728 164 41894 32 41937 4 41942 2 41984 162 42156 26 42194 6 42240 161 42412 26 42450 6 42496 161 42668 27 42707 2 42710 3 42752 161 42925 27 42963 6 43008 162 43182 27 43219 6 43264 162 43438 27 43474 8 43520 162 43694 28 43730 8 43776 161 43951 27 43987 7 44032 161 44206 29 44244 6 44288 161 44462 29 44500 7 44544 160 44718 30 44756 7 44800 160 44972 32 45012 7 45056 160 45227 34 45268 8 45312 161 45482 35 45524 8 45568 162 45737 37 45780 8 45824 162 45992 39 46036 8 46080 163 46247 42 46292 9 46336 164 46503 44 46548 9 46592 165 46758 45 46804 9 46848 222 47104 222 47360 222 47616 222 47872 222 48128 223 48384 223 48640 223 48896 224 49152 224 49408 224 49664 224 49920 224 50176 225 50432 225 50688 225 50944 222 51167 2 51200 226 51456 226 51712 223 51936 2 51968 226 52224 223 52449 1 52480 223 52705 1 52736 224 52962 1 52992 224 53248 224 53473 2 53504 225 53730 1 53760 225 53986 2 54016 228 54272 225 54499 1 54528 225 54755 1 54784 226 55012 1 55040 226 55267 1 55296 227 55524 1 55552 227 55780 1 55808 230 56064 230 56320 228 56549 1 56576 231 56832 228 57062 1 57088 228 57317 2 57344 231 57600 229 57830 2 57856 232 58112 229 58343 1 58368 229 58600 1 58624 230 58855 2 58880 230 59112 1 59136 230 59392 230 59648 231 59904 231 60137 1 60160 231 60416 231 60650 1 60672 232 60928 232 61184 234 61440 233 61674 1 61696 235 61952 234 62187 1 62208 233 62443 1 62464 237 62720 234 62956 1 62976 234 63211 1 63232 235 63468 1 63488 235 63724 2 63744 238 64000 235 64237 1 64256 235 64512 236 64750 1 64768 236 65006 1 65024 240 65280 240
157706,0 190 256 191 512 191 768 188 957 2 1024 188 1214 1 1280 188 1470 2 1536 189 1727 1 1792 189 1983 1 2048 189 2239 2 2304 190 2496 1 2560 190 2816 190 3008 1 3072 191 3264 2 3328 191 3521 1 3584 191 3777 1 3840 192 4034 1 4096 192 4352 192 4546 1 4608 193 4802 1 4864 196 5120 193 5315 1 5376 194 5571 2 5632 194 5827 2 5888 194 6083 2 6144 198 6400 198 6656 198 6912 199 7168 199 7424 64 7491 132 7680 56 7737 1 7739 3 7743 3 7747 133 7936 56 7997 139 8192 54 8254 2 8258 134 8448 51 8506 4 8511 138 8704 47 8753 1 8763 142 8960 35 8996 10 9015 1 9022 139 9216 27 9244 2 9254 7 9270 1 9272 2 9276 142 9472 25 9500 1 9513 4 9520 1 9523 3 9528 1 9530 1 9532 142 9728 16 9747 4 9768 4 9779 2 9784 146 9984 17 10002 5 10024 4 10036 2 10039 147 10240 17 10258 1 10260 1 10282 1 10290 1 10292 151 10496 17 10537 1 10546 153 10752 18 10774 1 10793 1 10801 155 11008 15 11025 1 11057 155 11264 12 11281 2 11302 2 11310 158 11520 11 11566 158 11776 11 11821 160 12032 11 12075 162 12288 5 12294 3 12331 162 12544 5 12552 2 12578 4 12586 163 12800 4 12808 3 12833 6 12844 162 13056 4 13063 4 13089 6 13100 162 13312 5 13319 4 13344 8 13354 117 13474 44 13568 11 13599 9 13610 117 13728 47 13824 11 13854 10 13865 127 13994 37 14080 13 14108 12 14121 124 14246 4 14251 33 14285 2 14336 13 14365 137 14504 1 14507 36 14592 14 14619 17 14639 117 14760 1 14762 38 14848 14 14873 16 14900 112 15016 40 15104 14 15128 16 15157 111 15271 42 15360 15 15386 14 15402 1 15404 1 15414 155 15616 14 15636 2 15642 14 15661 1 15670 155 15872 13 15886 3 15891 3 15897 22 15926 156 16128 13 16142 3 16153 1 16156 20 16182 156 16384 12 16397 4 16406 4 16412 22 16435 159 16640 17 16668 183 16896 18 16916 1 16924 183 17152 19 17172 1 17176 2 17180 183 17408 21 17432 2 17436 1 17439 180 17664 21 17688 1 17690 3 17694 182 17920 18 17942 1 17944 2 17947 2 17950 182 18176 20 18198 4 18211 175 18387 1 18432 21 18454 1 18467 174 18643 1 18688 21 18724 174 18899 2 18944 20 18980 174 19155 2 19200 20 19236 178 19456 19 19491 179 19712 19 19748 178 19968 19 20003 179 20224 19 20256 182 20480 18 20512 183 20736 13 20764 187 20992 12 21020 94 21115 92 21248 10 21276 188 21504 8 21531 186 21719 1 21760 7 21778 2 21786 187 21975 2 22016 7 22032 4 22037 1 22042 187 22231 2 22272 7 22284 11 22298 188 22487 2 22528 23 22553 189 22743 3 22784 218 23040 218 23296 219 23552 219 23808 219 24064 124 24189 95 24320 220 24576 220 24832 220 25088 217 25306 3 25344 218 25564 1 25600 218 25820 1 25856 219 26076 1 26112 219 26332 2 26368 222 26624 219 26845 1 26880 219 27101 1 27136 220 27358 1 27392 220 27614 1 27648 223 27904 223 28160 224 28416 225 28672 225 28928 226 29184 226 29440 226 29696 224 29921 1 29952 223 30177 1 30208 223 30434 1 30464 224 30690 1 30720 224 30945 2 30976 228 31232 135 31369 91 31488 133 31626 1 31628 88 31744 127 31879 3 31883 90 32000 127 32131 1 32137 2 32140 89 32256 127 32392 2 32395 90 32512 128 32648 94 32768 129 32899 2 32905 93 33024 133 33161 91 33253 1 33280 134 33415 93 33536 136 33675 89 33766 1 33792 136 33932 1 33935 85 34022 1 34048 134 34188 1 34191 85 34277 3 34304 134 34448 87 34560 133 34704 88 34816 133 34957 91 35072 135 35213 92 35328 138 35469 92 35584 233 35840 234 36096 234 36352 150 36503 83 36608 147 36756 2 36759 84 36864 143 37010 1 37012 87 37120 141 37268 87 37376 136 37514 3 37524 88 37632 141 37779 89 37888 135 38024 2 38028 1 38035 89 38144 136 38281 1 38290 91 38400 132 38533 5 38546 91 38656 138 38803 90 38912 139 39058 92 39168 139 39315 91 39424 138 39570 92 39680 138 39826 92 39936 139 40080 95 40192 140 40335 96 40448 155 40608 79 40704 156 40867 77 40960 145 41106 94 41216 141 41364 92 41472 143 41616 97 41728 241 41984 241 42240 242 42496 242 42752 242 43008 243 43264 243 43520 243 43776 244 44032 244 44288 244 44544 245 44800 245 45056 245 45312 246 45568 246 45824 246 46080 140 46224 102 46336 141 46480 102 46592 141 46736 2 46739 100 46848 139 46988 1 46993 102 47104 142 47248 6 47255 97 47360 142 47505 103 47616 139 47756 3 47761 2 47766 98 47872 139 48012 4 48018 1 48025 95 48128 130 48265 5 48273 3 48279 97 48384 131 48521 7 48530 3 48534 99 48640 131 48777 13 48791 95 48888 1 48896 132 49031 7 49039 6 49047 1 49049 93 49143 2 49152 130 49287 11 49301 1 49303 2 49306 96 49408 62 49471 69 49544 11 49560 98 49664 57 49724 1 49728 70 49799 12 49817 97 49920 57 49988 82 50073 98 50176 56 50234 1 50245 80 50326 1 50328 99 50432 55 50501 75 50577 106 50688 54 50754 186 50944 54 51010 186 51200 51 51252 1 51267 74 51342 110 51456 50 51525 180 51707 1 51712 50 51781 181 51963 2 51968 50 52024 2 52036 182 52219 2 52224 50 52281 1 52291 183 52476 1 52480 51 52539 2 52548 185 52736 51 52802 1 52804 186 52992 52 53046 1 53058 1 53060 186 53248 55 53316 187 53504 43 53549 3 53553 5 53566 1 53572 187 53760 40 53802 2 53805 1 53808 6 53816 1 53819 4 53826 1 53828 225 54057 3 54062 16 54081 229 54311 23 54337 88 54426 165 54592 880 55475 236 55712 15 55732 105 55838 127 55972 10 55987 100 56090 3 56094 126 56228 8 56239 1 56241 103 56347 2 56351 53 56405 71 56486 114 56606 127 56739 117 56861 129 56996 112 57109 2 57116 131 57250 119 57371 133 57506 377 57884 43 57930 3 57935 7 57944 195 58141 1 58143 2 58146 36 58188 1 58190 1 58192 1 58194 5 58202 193 58400 1 58403 34 58452 2 58458 189 58652 2 58660 32 58693 1 58715 48 58769 141 58914 1 58916 1 58919 1 58921 27 58950 1 58972 48 59026 143 59171 1 59175 31 59228 48 59282 144 59429 1 59432 1 59434 28 59484 46 59537 146 59684 3 59689 29 59740 45 59793 146 59944 32 59996 45 60048 114 60163 35 60201 2 60204 32 60253 44 60302 117 60420 34 60456 37 60510 45 60558 193 60766 178 60945 63 61010 3 61016 1 61018 1 61020 2 61023 176 61201 16 61218 241 61460 253 61715 254 61971 33 62005 220 62227 16 62244 16 62261 83 62345 137 62483 21 62505 2 62508 9 62518 82 62602 153 62757 2 62764 5 62770 237 63008 3 63012 1 63020 248 63269 1 63275 1 63277 88 63366 158 63530 91 63622 1 63624 1 63626 154 63787 1 63789 87 63881 1 63884 118 64005 14 64020 1 64022 13 64042 1 64044 87 64141 118 64263 28 64297 19 64318 69 64394 1 64397 117 64519 1 64521 7 64530 21 64552 91 64646 1 64652 132 64785 18 64804 2 64808 90 64899 1 64901 2 64906 255 65162 129 65292 244
222553,0 65536
000067,0 65536
398196,0 65536
516869,0 65536
000006,191 59 447 58 703 57 958 57 1214 57 1469 58 1724 59 1979 60 2235 61 2491 62 2747 62 3003 62 3259 61 3514 62 3766 66 4015 74 4270 75 4525 77 4780 83 5035 28 5067 53 5290 28 5324 52 5545 27 5580 52 5800 26 5837 51 6056 25 6093 51 6311 24 6350 50 6567 24 6605 51 6823 23 6861 51 7079 23 7116 52 7335 22 7371 53 7591 20 7626 54 7848 18 7881 55 8105 6 8114 4 8137 55 8392 55 8647 55 8902 52 8955 2 9157 53 9411 56 9666 57 9921 59 10177 60 10432 61 10688 60 10944 60 11201 59 11457 63 11714 62 11971 61 12228 38 12270 18 12485 36 12527 17 12742 33 12782 18 13000 29 13037 19 13256 28 13292 20 13513 26 13548 20 13769 31 13804 20 14025 55 14282 54 14538 54 14794 54 15051 53 15308 5 15316 44 15573 43 15830 42 16075 3 16085 43 16329 6 16340 44 16584 8 16595 45 16839 10 16850 46 17094 58 17349 59 17605 59 17860 60 18116 60 18372 60 18629 9 18640 48 18887 5 18896 12 18913 31 19152 11 19170 30 19408 10 19428 28 19664 10 19684 8 19694 18 19920 9 19940 7 19951 17 20176 8 20197 4 20210 5 20220 3 20433 6 21722 1 21973 8 22228 10 22483 11 22738 13 22993 14 23248 15 23503 16 23758 16 24014 16 24270 14 24308 4 24318 2 24526 13 24563 5 24573 3 24783 11 24820 5 24828 4 25040 9 25076 12 25296 8 25333 11 25553 5 25589 11 25811 1 25846 10 26101 11 26357 11 26613 11 26868 12 27124 12 27380 12 27635 13 27891 13 28147 13 28403 13 28659 13 28915 13 29170 14 29425 15 29680 16 29936 16 30192 9 30206 1 30448 8 30705 7 30963 3 64275 5 64530 7 64786 8 65042 9 65298 8
000046,106 19 362 20 618 21 645 4 873 23 901 4 1129 24 1156 5 1385 24 1413 4 1640 26 1669 2 1896 26 1924 2 2152 30 2408 31 2665 30 2921 29 3178 27 3217 1 3434 25 3471 5 3690 25 3727 6 3946 25 3983 7 4202 24 4239 8 4458 24 4496 8 4673 3 4715 22 4753 10 4928 6 4971 22 5011 9 5088 4 5183 8 5227 21 5268 9 5343 7 5439 8 5483 21 5524 10 5599 8 5666 2 5695 8 5740 20 5780 10 5854 10 5920 6 5950 9 5996 20 6037 9 6110 10 6175 7 6206 9 6252 20 6293 9 6366 11 6431 8 6447 4 6458 14 6508 20 6549 8 6622 11 6688 10 6701 8 6712 16 6764 20 6806 5 6878 12 6945 38 7019 20 7134 13 7203 36 7275 19 7390 13 7458 36 7530 18 7647 12 7714 36 7786 16 7906 9 7963 2 7968 38 8042 15 8163 7 8219 1 8224 37 8299 13 8420 5 8479 38 8556 9 8677 2 8734 38 8989 38 9206 3 9243 40 9457 9 9498 40 9708 15 9753 41 9963 17 10008 41 10218 18 10264 41 10472 20 10519 41 10726 22 10775 41 10982 22 11031 41 11237 24 11286 42 11493 26 11542 42 11749 26 11797 43 12005 26 12053 42 12261 26 12308 43 12517 25 12564 42 12774 23 12800 1 12802 1 12820 42 13030 22 13056 4 13077 41 13287 20 13312 6 13334 41 13496 3 13544 10 13555 7 13568 6 13591 39 13752 3 13802 7 13813 4 13824 7 13848 38 14007 5 14059 5 14080 8 14105 37 14263 4 14316 3 14336 8 14362 36 14520 3 14592 9 14618 36 14777 1 14848 10 14875 5 14885 24 15104 9 15132 3 15142 23 15360 8 15399 21 15616 8 15656 19 15872 7 15912 18 16128 6 16167 18 16384 4 16423 4 16428 12 16640 3 16678 4 16686 8 16935 2 19829 2 19970 2 20084 3 20132 3 20224 7 20340 3 20386 6 20480 7 20641 8 20736 7 20896 10 20992 7 21151 11 21249 6 21407 12 21507 2 21663 13 21920 13 22176 15 22433 14 22689 14 22945 14 23201 14 23457 13 23713 12 23970 10 24228 6 26453 4 26708 6 26963 7 27219 7 27476 6 27732 4 40484 7 40739 9 40994 11 41250 11 41505 12 41761 11 42017 11 42274 10 42530 10 42786 10 43043 9 43300 8 43557 6 43813 7 43947 10 44069 7 44201 13 44324 8 44456 19 44580 8 44711 23 44836 8 44967 27 45092 9 45223 28 45348 9 45479 29 45605 7 45735 30 45768 3 45862 6 45991 36 46246 37 46502 36 46757 37 47012 39 47268 40 47523 44 47779 45 48035 46 48291 47 48547 49 48711 5 48804 51 48966 10 49060 52 49222 12 49316 53 49475 16 49573 53 49730 18 49830 53 49985 19 50087 53 50241 18 50343 53 50496 19 50599 53 50752 19 50855 53 51008 18 51111 53 51264 18 51367 51 51521 16 51623 50 51777 16 51879 47 52034 15 52135 44 52292 12 52390 44 52549 11 52646 43 52808 7 52902 31 52936 6 53066 5 53159 30 53191 5 53324 2 53415 29 53448 4 53671 29 53928 28 54043 2 54184 27 54298 4 54441 25 54554 5 54699 23 54810 5 54957 21 55066 6 55214 19 55322 6 55471 18 55579 5 55727 17 55835 6 55984 15 56090 7 56241 13 56345 9 56498 10 56599 11 56853 13 57108 13 57364 13 57620 13 57876 12 58132 11 58389 9 58645 8 58902 7 59160 3 62872 2 63126 6 63382 6 63637 8 63893 8 64149 7 64405 7 64661 7 64918 6 65175 5 65433 4
000025,36862 1 37118 2 37373 3 37629 3 37885 3 38141 3 38397 3 38652 4 38906 6 39161 7 39416 8 39672 8 39928 8 40184 8 40441 7 40698 6 40955 5 41212 4 41470 2 51695 11 51950 17 52206 18 52462 18 52718 18 52975 17 53232 16 53489 15 53746 14 54002 14 54258 14 54466 3 54516 12 54721 6 54773 11 54976 8 55030 10 55232 8 55287 9 55488 8 55544 8 55745 7 55800 8 56002 6 56056 8 56260 2 56312 8 56568 8 56824 8 57081 7 57337 7 57592 8 57848 8 58104 8 58360 8 58616 8 58872 8 59128 8 59384 8 59641 7 59897 7 60153 7 60409 7 60665 7 60921 7 61176 8 61431 9 61686 10 61941 11 62197 11 62452 12 62708 12 62963 13 63219 13 63475 13 63731 13 63987 13 64243 13 64499 13 64755 13 65011 13 65267 13 65523 13
000069,0 65536
433193,0 65536
632056,0 12285 12288 250 12544 246 12800 244 13056 241 13312 238 13568 234 13824 233 14080 229 14336 227 14592 222 14848 217 15066 1 15104 215 15360 211 15572 1 15616 209 15872 205 16078 1 16128 205 16384 202 16640 198 16896 194 17091 1 17152 192 17408 190 17664 187 17920 184 18176 180 18432 176 18609 1 18688 174 18944 170 19115 1 19200 169 19456 166 19712 163 19968 158 20224 156 20480 152 20736 150 20992 148 21248 146 21504 144 21760 140 22016 137 22272 133 22528 129 22784 125 22910 1 23040 121 23296 117 23552 115 23808 111 24064 109 24320 107 24576 104 24832 102 25088 100 25344 98 25600 96 25856 93 26112 88 26201 1 26368 86 26624 84 26880 81 27136 78 27392 72 27648 68 27904 66 28160 62 28416 60 28672 56 28928 54 29184 52 29440 46 29696 45 29952 41 30208 39 30464 35 30720 33 30976 29 31232 27 31488 24 31744 22 32000 21 32256 17 32274 1 32512 17 32768 15 33024 12 33280 6 33287 2 33536 5 33792 3 34048 2
000062, 
804179,0 65536
000063,61235 6 61491 8 61748 9 62005 9 62261 10 62518 10 62774 11 63031 11 63288 10 63544 10 63802 9 64059 8 64315 8 64571 9 64828 9 65084 8 65340 7
000002,0 65536
303895,0 33025 33026 1 33032 248 33291 245 33553 239 33814 234 34075 229 34336 224 34595 221 34857 215 35117 211 35377 207 35640 200 35899 197 36160 192 36420 188 36682 182 36942 178 37203 173 37463 169 37724 164 37984 160 38244 156 38505 151 38766 146 39027 141 39288 136 39548 132 39809 127 40069 123 40330 118 40590 114 40850 110 41111 105 41372 100 41632 96 41894 90 42154 86 42415 81 42674 78 42936 72 43196 68 43456 64 43717 59 43977 55 44238 50 44500 44 44760 40 45021 35 45281 31 45542 26 45802 22 46062 18 46323 13 46584 8 46844 4 47103 1 47358 2
000049, 
602248,0 65536
636405,0 65536
000068,0 65536
747518,0 65536
432006,0 24271 24272 255 24528 41008
372637,0 56012 56013 9523
460549,0 49821 49824 253 50078 15458
000010,0 65536
890795,0 36419 36420 255 36677 254 36934 254 37190 3 37194 250 37447 2 37451 250 37703 254 37959 3 37963 255 38219 255 38475 516 38992 1039 40032 508 40541 255 40797 430 41228 255 41484 8185 49670 255 49926 1587 51516 254 51772 255 52028 250 52280 976 53257 253 53512 254 53768 287 54056 5853 59910 255 60166 5370
409913,0 65536
000079,29 61 285 61 541 61 797 61 1054 60 1310 61 1567 61 1824 60 2080 60 2336 60 2591 60 2846 60 3102 59 3331 5 3358 57 3584 10 3615 55 3840 12 3872 52 4096 12 4114 4 4128 2 4132 1 4135 43 4352 14 4367 17 4392 42 4608 34 4644 45 4864 80 5120 80 5376 73 5450 5 5632 47 5681 21 5888 47 5940 17 6144 47 6197 15 6400 47 6454 14 6656 47 6710 15 6912 47 6966 15 7168 47 7222 15 7424 47 7479 14 7680 48 7735 13 7936 48 7992 11 8192 50 8252 6 8448 50 8510 1 8704 55 8960 56 9216 56 9472 55 9728 54 9984 52 10240 51 10496 50 10752 48 11008 47 11264 46 11520 46 11776 45 12032 45 12288 45 12544 44 12800 44 13056 43 13312 43 13568 44 13824 44 14080 45 14336 46 14592 46 14848 46 15104 46 15360 46 15616 46 15872 45 16128 10 16140 33 16384 10 16397 32 16640 9 16653 32 16896 7 16910 31 17152 6 17167 31 17408 4 17423 31 17664 4 17680 30 17920 2 17937 29 18195 27 18451 26 18707 25 18962 25 19200 4 19218 23 19456 6 19475 21 19712 9 19733 10 19968 12 19991 7 20224 13 20249 4 20480 14 20736 16 20992 17 21248 18 21504 20 21760 22 22016 23 22272 24 22528 25 22784 25 23040 25 23296 25 23552 26 23808 27 24064 28 24320 29 24576 30 24832 30 25088 31 25315 6 25344 31 25385 3 25571 7 25600 31 25640 4 25646 2 25656 11 25826 8 25856 31 25896 11 25908 17 26083 8 26112 32 26152 29 26339 7 26368 33 26408 29 26596 6 26624 35 26662 31 26880 69 27136 69 27392 69 27648 69 27904 69 28074 6 28160 71 28329 8 28416 71 28575 3 28584 10 28672 71 28830 5 28838 12 28928 72 29085 21 29184 71 29341 21 29440 71 29597 21 29696 72 29852 22 29952 72 30107 24 30208 73 30362 25 30464 73 30618 25 30720 73 30874 25 30976 73 31130 25 31232 72 31387 25 31488 65 31644 25 31744 65 31900 9 31911 15 32000 65 32160 24 32256 39 32297 25 32418 29 32448 5 32512 39 32555 23 32675 35 32768 38 32814 20 32930 39 33024 38 33073 16 33185 42 33280 37 33335 9 33440 44 33536 37 33591 8 33696 45 33792 36 33848 6 33951 46 34048 36 34104 5 34207 46 34304 35 34362 2 34462 48 34560 27 34589 12 34718 48 34816 25 34847 12 34974 48 35072 25 35102 13 35230 48 35328 28 35358 13 35485 49 35584 43 35741 48 35840 43 35997 48 36096 43 36253 48 36352 43 36510 47 36608 42 36766 47 36864 42 37022 47 37120 42 37278 46 37376 41 37534 46 37632 40 37790 45 37888 39 38046 45 38144 37 38302 44 38402 29 38558 44 38613 5 38659 27 38815 45 38861 1 38864 1 38867 9 38918 5 38929 9 39051 4 39071 61 39186 7 39306 6 39327 62 39445 2 39561 8 39583 62 39817 8 39838 63 40073 9 40095 62 40328 10 40351 62 40583 11 40607 62 40839 10 40863 62 41094 12 41120 63 41350 12 41377 64 41607 12 41634 64 41863 12 41890 65 42119 13 42146 44 42198 14 42375 16 42403 41 42454 14 42632 16 42660 39 42711 13 42888 18 42917 37 42967 13 43144 19 43173 36 43223 12 43400 19 43428 35 43479 12 43656 18 43684 34 43736 9 43912 16 43940 33 43992 8 44169 13 44197 29 44249 6 44425 12 44453 26 44506 4 44681 13 44710 25 44937 13 44967 24 45193 13 45225 21 45449 13 45481 21 45706 12 45738 18 45926 8 45962 13 45995 16 46182 8 46218 13 46252 14 46437 9 46474 13 46509 11 46694 8 46730 13 46767 7 46952 5 46986 13 47023 5 47243 12 47500 11 47756 11 48012 12 48267 13 48524 12 48780 12 48804 2 48818 4 49036 12 49059 4 49072 7 49294 14 49314 6 49326 10 49552 15 49570 6 49581 13 49808 24 49835 16 50064 43 50320 44 50576 44 50763 5 50831 46 51018 7 51087 46 51273 9 51343 46 51529 9 51599 45 51785 9 51855 43 52041 10 52110 43 52296 11 52366 43 52552 12 52622 43 52809 12 52878 43 53065 13 53135 43 53321 13 53391 43 53577 13 53648 42 53834 12 53904 41 54090 12 54161 39 54345 13 54416 39 54601 12 54673 38 54858 10 54930 36 55114 9 55188 13 55202 20 55372 4 55452 2 55459 18 55715 17 55971 16 56227 11 56483 5 56739 4 56997 1 64909 3 65164 5 65420 5
962767,0 12057 12060 252 12316 251 12573 250 12828 252 13083 254 13338 52198
565798,0 7633 7634 2 7637 252 7890 1 7892 252 8145 41 8187 206 8394 7 8402 3 8406 25 8432 1 8437 1 8439 1 8444 1 8446 200 8647 9 8660 1 8662 21 8704 194 8904 8 8918 20 8960 191 9160 7 9168 1 9173 1 9176 2 9179 1 9181 8 9190 3 9216 186 9415 2 9418 4 9438 1 9440 5 9446 1 9472 186 9669 1 9673 3 9679 3 9699 1 9728 186 9917 2 9929 1 9931 1 9984 186 10172 2 10240 184 10495 186 10751 186 11008 186 11262 187 11452 1 11518 188 11774 157 11932 28 11961 1 12031 183 12288 178 12544 177 12799 146 12946 1 12948 26 13056 173 13311 144 13457 15 13474 10 13567 142 13713 15 13730 9 13824 139 13964 1 13969 16 13986 3 13990 2 14080 138 14220 1 14222 1 14224 16 14242 1 14244 1 14336 137 14480 1 14485 1 14487 8 14500 1 14592 134 14727 2 14744 3 14748 2 14752 1 14848 136 15000 2 15004 2 15104 125 15230 9 15260 1 15360 132 15616 112 15729 6 15736 1 15738 11 15872 112 15985 5 15993 2 15997 3 16003 1 16128 94 16223 23 16254 3 16384 118 16504 1 16509 2 16640 95 16737 17 16757 1 16896 97 16994 10 17007 3 17015 1 17020 1 17152 108 17263 3 17408 105 17515 2 17520 1 17524 1 17664 101 17766 2 17775 2 17780 1 17920 91 18012 9 18022 3 18030 1 18176 92 18269 9 18279 3 18286 1 18432 93 18526 7 18534 4 18543 1 18688 107 18944 104 19200 74 19278 26 19456 71 19533 25 19712 70 19789 26 19968 70 20045 14 20062 6 20070 1 20080 1 20224 68 20301 15 20323 1 20336 1 20480 67 20556 16 20574 3 20579 1 20736 66 20803 2 20812 16 20831 1 20835 2 20992 30 21024 34 21067 17 21087 2 21248 29 21278 35 21322 15 21338 3 21350 2 21358 1 21504 27 21534 35 21577 16 21595 2 21606 4 21612 4 21760 25 21788 19 21808 17 21826 2 21830 20 21852 1 21863 5 21869 4 22016 24 22043 20 22064 43 22120 10 22135 3 22139 1 22272 47 22321 16 22339 24 22365 3 22375 12 22389 9 22528 21 22551 24 22577 3 22581 12 22595 26 22622 33 22784 20 22805 26 22833 3 22837 7 22845 1 22848 1 22850 63 23040 45 23094 6 23102 2 23107 62 23296 17 23314 28 23343 1 23350 8 23362 61 23552 15 23568 24 23593 3 23600 1 23606 3 23611 3 23617 19 23637 43 23808 13 23823 18 23846 2 23849 1 23862 4 23867 2 23873 18 23896 40 24064 8 24073 3 24078 12 24092 4 24103 1 24117 5 24123 2 24129 17 24153 40 24320 7 24331 2 24334 13 24349 2 24355 1 24359 1 24372 5 24379 2 24383 19 24410 38 24576 6 24587 12 24601 2 24611 1 24628 4 24635 1 24638 19 24666 39 24832 5 24843 12 24858 2 24879 1 24884 1 24894 18 24924 38 25088 4 25098 13 25135 1 25140 1 25148 20 25180 37 25218 3 25344 2 25352 12 25365 2 25403 20 25437 40 25600 2 25603 2 25606 14 25622 2 25658 21 25680 1 25695 36 25856 20 25880 1 25913 22 25936 1 25952 37 26112 14 26129 3 26136 1 26169 22 26209 37 26368 14 26387 1 26424 23 26465 39 26624 8 26633 1 26635 3 26654 1 26680 23 26722 40 26880 8 26892 2 26937 21 26960 1 26962 1 26978 34 27136 5 27146 1 27149 2 27169 1 27191 23 27216 3 27234 30 27392 5 27401 2 27406 1 27447 23 27471 5 27491 28 27649 3 27657 1 27662 1 27681 2 27701 1 27703 30 27747 28 27907 2 27918 2 27922 3 27931 1 27933 1 27937 1 27940 2 27955 3 27959 31 28003 27 28163 2 28178 8 28187 1 28189 1 28193 5 28209 1 28214 34 28260 26 28420 1 28434 5 28440 2 28443 12 28469 37 28516 26 28690 7 28698 1 28700 11 28724 39 28773 25 28945 7 28956 9 28966 1 28980 40 29029 24 29202 5 29213 8 29224 1 29235 41 29285 24 29458 5 29466 10 29489 44 29541 25 29714 6 29721 11 29744 46 29794 2 29797 26 29951 1 29969 1 29972 4 29977 9 29999 47 30050 30 30207 1 30229 2 30234 7 30253 32 30287 1 30289 14 30307 31 30463 1 30485 3 30490 6 30506 34 30546 13 30564 31 30719 1 30742 2 30746 5 30760 36 30803 12 30822 30 30975 1 30996 2 30999 2 31003 2 31016 36 31060 11 31077 31 31231 1 31271 36 31316 12 31334 30 31487 1 31527 36 31572 12 31592 28 31743 1 31777 1 31782 38 31829 11 31848 15 31864 10 31999 1 32033 2 32037 40 32085 11 32106 12 32120 8 32132 1 32255 1 32286 6 32294 40 32341 11 32363 6 32370 3 32376 7 32511 1 32541 49 32596 13 32620 5 32628 1 32632 7 32767 1 32795 53 32849 17 32889 3 33023 1 33049 72 33145 1 33279 1 33304 73 33535 1 33559 75 33791 1 33815 1 33817 72 33890 1 34047 1 34072 74 34327 74 34583 1 34585 72 34837 1 34839 75 35090 81 35327 1 35345 82 35583 1 35599 85 35685 1 35839 1 35856 87 35944 1 36094 2 36108 95 36350 2 36362 96 36459 1 36607 3 36617 41 36664 1 36666 48 36715 1 36863 1 36865 1 36872 41 36924 46 36971 1 37119 1 37126 43 37181 45 37374 2 37379 1 37382 41 37440 43 37628 8 37639 40 37698 40 37884 4 37889 4 37894 39 37955 38 38139 48 38212 36 38390 10 38401 39 38470 34 38647 9 38657 36 38727 33 38903 9 38913 35 38985 1 38988 1 38990 24 39142 2 39157 11 39169 33 39242 1 39244 5 39251 19 39325 5 39399 1 39407 2 39413 44 39501 2 39506 2 39509 8 39520 4 39525 2 39579 7 39656 1 39661 5 39669 11 39681 30 39755 4 39765 4 39778 1 39834 7 39901 3 39912 2 39916 20 39937 28 39966 1 39993 1 39997 1 40000 1 40009 6 40023 2 40026 4 40034 2 40047 4 40088 8 40157 3 40168 24 40193 1 40195 26 40228 1 40250 1 40255 1 40261 2 40265 3 40270 1 40279 7 40287 1 40292 1 40302 5 40342 11 40413 5 40419 2 40425 23 40451 23 40475 2 40484 1 40505 3 40517 2 40520 6 40536 6 40543 2 40558 5 40595 2 40598 11 40670 9 40682 22 40708 22 40732 1 40740 2 40761 5 40770 8 40779 3 40794 4 40813 3 40818 1 40852 1 40854 9 40915 1 40917 1 40922 1 40925 10 40936 24 40961 1 40963 23 40997 1 41010 1 41013 25 41048 1 41050 4 41069 1 41106 13 41170 5 41178 1 41181 35 41217 1 41219 1 41222 20 41254 1 41256 1 41260 2 41268 26 41306 4 41325 3 41331 3 41364 10 41426 5 41434 2 41438 34 41479 19 41511 1 41513 2 41522 28 41551 1 41563 3 41567 1 41588 2 41619 10 41682 8 41691 30 41723 5 41735 20 41758 1 41763 2 41767 4 41776 31 41820 5 41838 3 41845 1 41875 10 41938 39 41979 1 41981 3 41989 1 41993 19 42014 2 42017 4 42022 6 42031 34 42077 4 42082 2 42100 3 42130 11 42194 42 42237 3 42249 19 42269 15 42288 1 42290 30 42330 1 42333 7 42346 1 42353 1 42357 3 42386 10 42450 43 42494 2 42506 18 42525 16 42546 33 42586 1 42589 8 42602 1 42608 3 42612 3 42643 9 42688 1 42705 47 42764 30 42795 3 42803 33 42842 2 42845 11 42859 1 42866 10 42898 9 42941 2 42962 46 43021 29 43052 2 43057 35 43095 1 43098 14 43115 1 43125 7 43135 2 43154 4 43159 4 43195 4 43201 2 43217 43 43261 1 43263 1 43278 29 43309 2 43313 36 43351 18 43382 6 43391 2 43409 1 43411 7 43449 1 43451 5 43457 1 43470 44 43515 5 43521 1 43536 1 43539 3 43543 21 43565 3 43570 36 43607 19 43639 11 43668 5 43705 1 43707 6 43714 1 43726 2 43729 37 43773 3 43777 2 43787 1 43796 2 43801 20 43823 1 43826 53 43880 2 43893 13 43923 1 43926 3 43960 3 43964 6 43971 1 43973 2 43982 42 44030 11 44042 3 44059 1 44061 16 44079 2 44082 57 44147 1 44149 14 44182 2 44214 17 44235 43 44284 17 44302 2 44310 1 44318 15 44336 59 44404 18 44438 1 44469 17 44487 1 44491 40 44532 1 44540 20 44561 2 44574 16 44592 2 44595 1 44597 54 44657 1 44660 19 44694 2 44725 15 44741 1 44747 72 44830 79 44913 2 44917 17 44951 1 44982 2 44986 9 44996 1 45001 10 45012 65 45082 2 45085 23 45110 56 45168 22 45204 4 45238 2 45242 11 45255 1 45258 10 45269 65 45336 3 45340 83 45424 23 45460 4 45495 15 45512 13 45526 29 45559 1 45561 30 45592 1 45595 92 45688 15 45713 9 45749 1 45751 31 45784 1 45786 33 45820 26 45847 1 45850 108 45969 1 45971 6 45981 2 46004 100 46106 108 46224 13 46238 1 46256 1 46258 212 46479 1 46481 15 46497 4 46510 1 46513 5 46519 70 46591 133 46725 1 46736 17 46755 3 46765 77 46846 132 46981 1 46994 18 47013 2 47017 82 47102 135 47250 103 47358 137 47506 103 47611 1 47614 134 47749 1 47763 104 47870 134 48019 103 48126 135 48265 1 48274 104 48381 1 48383 137 48530 105 48638 138 48779 3 48783 1 48785 16 48802 88 48893 140 49035 2 49040 13 49055 1 49057 233 49295 1 49297 2 49300 7 49309 238 49549 1 49553 3 49560 244 49805 1 49809 1 49815 248 50068 253 50323 104 50428 254 50685 250 50936 2 50940 304 51245 206 51452 304 51757 204 51962 306 52269 251 52521 260 52782 764 53549 253 53805 254 54062 254 54318 166 54485 1 54490 83 54575 85 54662 77 54748 1 54750 74 54826 88 54915 82 55004 1 55006 73 55080 1 55083 854 55941 252 56198 250 56452 1 56456 87 56544 2 56547 162 56710 88 56802 254 57057 3 57061 505 57570 252 57826 253 58081 252 58334 2 58337 249 58591 1 58594 161 58757 85 58844 1 58848 1 58851 247 59105 158 59265 89 59361 157 59520 90 59618 101 59720 59 59781 85 59874 100 59975 53 60029 3 60036 86 60130 99 60230 56 60289 12 60302 76 60385 99 60486 54 60542 2 60548 4 60553 3 60557 77 60637 1 60640 100 60742 56 60803 2 60806 1 60808 3 60815 238 61057 3 61061 5 61069 78 61149 160 61312 2 61315 6 61324 80 61405 158 61566 7 61574 1 61580 80 61661 19 61681 137 61819 5 61826 2 61829 2 61836 100 61938 149 62088 5 62095 2 62099 93 62194 137 62332 3 62336 7 62344 5 62351 103 62455 132 62590 3 62595 9 62607 9 62617 92 62714 131 62846 12 62863 104 62971 142 63115 4 63125 6 63132 88 63227 1 63230 144 63382 1 63386 91 63483 1 63486 142 63642 2 63645 90 63740 1 63743 139 63892 1 63895 2 63898 2 63902 90 63999 79 64081 8 64091 43 64135 3 64146 3 64151 3 64158 84 64248 1 64254 79 64338 9 64348 38 64387 4 64403 1 64408 2 64412 1 64414 80 64495 2 64510 79 64590 1 64594 8 64610 32 64643 2 64654 3 64658 2 64664 1 64666 1 64672 71 64744 4 64751 2 64766 78 64850 12 64865 35 64901 1 64907 13 64922 1 64924 1 64927 72 65001 1 65003 2 65006 3 65017 1 65020 1 65023 81 65106 9 65122 36 65163 1 65165 16 65182 73 65256 1 65260 2 65263 3 65273 1 65278 78 65363 10 65374 2 65380 36 65425 6 65433 3 65439 65 65508 2 65520 3 65533 3
000042,0 3 92 18 149 6 175 5 240 20 348 18 405 6 430 6 496 18 605 17 661 6 686 7 752 16 861 16 919 2 942 7 1007 17 1117 16 1197 9 1262 18 1373 15 1453 12 1516 20 1630 13 1709 15 1771 21 1888 2 1895 3 1964 18 1983 14 2026 22 2220 34 2282 22 2476 35 2538 22 2732 41 2794 22 2988 43 3049 23 3245 43 3305 23 3501 43 3560 24 3759 41 3815 25 3892 4 4016 41 4071 25 4146 9 4271 42 4326 26 4402 10 4527 43 4582 26 4658 11 4783 44 4839 25 4914 15 5039 44 5095 25 5170 18 5295 45 5352 24 5427 19 5447 5 5552 45 5608 24 5684 26 5808 45 5865 23 5940 27 6064 46 6122 22 6196 27 6319 47 6379 21 6451 28 6572 50 6636 20 6707 29 6827 51 6894 18 6961 31 7081 53 7150 18 7215 33 7337 53 7407 17 7471 33 7592 54 7663 17 7727 33 7848 54 7920 16 7983 33 8103 55 8176 16 8239 33 8358 56 8432 16 8495 34 8611 58 8689 15 8751 34 8866 58 8946 14 9008 34 9122 55 9203 13 9264 34 9378 52 9460 12 9520 34 9634 52 9717 11 9777 33 9891 50 9974 10 10034 32 10147 49 10231 9 10291 31 10405 46 10487 9 10547 31 10663 42 10743 9 10804 28 10922 35 10999 9 11061 26 11179 32 11255 9 11320 18 11436 31 11511 9 11578 14 11694 28 11767 9 11834 14 11952 24 12024 8 12092 11 12209 20 12281 7 12350 8 12466 18 12540 4 12609 4 12724 3 12731 8 12798 1 12988 7 13246 4 13395 3 13644 12 13759 12 13900 13 14014 14 14154 16 14269 16 14342 4 14350 4 14407 19 14525 17 14596 15 14658 25 14781 17 14851 17 14913 26 15036 19 15107 18 15168 27 15292 20 15362 19 15424 27 15548 20 15616 21 15679 29 15805 20 15872 21 15934 31 16062 18 16128 21 16189 33 16318 18 16384 21 16444 35 16575 17 16640 21 16698 37 16832 16 16896 20 16954 37 17088 15 17152 20 17210 37 17345 14 17408 20 17471 31 17602 12 17664 20 17728 29 17783 4 17859 11 17920 20 17973 3 17986 18 18007 3 18038 7 18117 8 18176 20 18227 6 18243 14 18293 8 18375 4 18432 20 18483 7 18499 12 18548 10 18688 21 18739 8 18754 13 18804 11 18944 21 18994 11 19008 14 19060 12 19200 21 19250 28 19316 13 19456 20 19506 28 19567 19 19712 20 19761 29 19822 21 19968 18 20016 29 20077 23 20224 17 20272 27 20333 25 20480 17 20527 27 20588 32 20631 9 20736 17 20783 25 20844 33 20886 13 20992 18 21038 24 21100 33 21141 15 21248 18 21294 24 21356 34 21397 16 21504 19 21550 22 21612 35 21651 19 21760 19 21807 21 21868 36 21907 20 22016 20 22064 16 22124 36 22162 21 22272 20 22320 16 22379 37 22418 21 22528 20 22577 14 22635 59 22784 20 22834 13 22854 4 22869 3 22891 59 23040 20 23090 13 23109 8 23124 5 23148 58 23296 19 23345 15 23363 13 23378 8 23404 58 23552 18 23601 42 23660 58 23808 2 23812 13 23857 42 23916 58 24010 5 24071 8 24113 42 24172 57 24264 8 24277 4 24329 3 24370 41 24429 54 24519 20 24626 40 24685 52 24774 22 24882 40 24940 50 25030 22 25138 40 25197 48 25286 23 25395 39 25453 49 25542 23 25651 39 25710 49 25798 23 25908 38 25966 53 26054 23 26164 37 26222 54 26311 22 26419 38 26479 54 26568 21 26673 39 26736 53 26826 18 26928 35 26993 52 27084 16 27183 36 27250 51 27341 14 27439 36 27508 50 27597 14 27695 37 27768 46 27853 13 27951 39 28024 47 28110 11 28208 40 28280 47 28367 9 28464 41 28536 47 28625 5 28721 41 28792 46 28978 41 29047 47 29235 13 29250 25 29303 47 29493 10 29508 24 29558 47 29752 6 29764 24 29815 46 30019 25 30071 45 30274 26 30327 45 30529 27 30583 45 30784 28 30840 44 31038 30 31096 43 31294 30 31353 42 31550 29 31609 41 31806 30 31866 39 32062 33 32122 38 32319 34 32378 38 32576 34 32633 37 32833 33 32888 36 33089 33 33144 35 33346 32 33400 34 33603 31 33656 34 33861 29 33913 32 34118 28 34170 30 34376 25 34427 28 34638 4 34645 12 34685 18 34903 9 34944 8 35160 8 35203 4 35417 7 35673 7 35827 4 35930 6 36076 13 36186 6 36330 16 36444 3 36571 2 36584 19 36826 5 36838 26 37081 7 37093 27 37337 8 37348 28 37592 10 37604 28 37848 11 37860 28 38098 46 38353 47 38609 47 38770 3 38865 47 39022 10 39120 48 39276 17 39377 47 39532 18 39633 47 39788 19 39889 47 40044 19 40145 47 40300 19 40401 47 40557 18 40658 46 40813 18 40914 46 41070 18 41170 46 41326 18 41426 46 41582 18 41683 44 41837 19 41939 44 42092 20 42195 43 42347 21 42450 35 42488 5 42602 21 42705 35 42849 4 42857 22 42960 37 43104 5 43113 22 43216 37 43359 7 43369 22 43472 37 43530 1 43615 6 43625 22 43728 37 43784 4 43870 7 43881 22 43984 38 44039 6 44127 5 44138 21 44239 39 44293 9 44383 4 44394 21 44495 39 44547 11 44640 1 44651 19 44750 39 44802 13 44907 17 45005 40 45057 14 45164 13 45260 40 45313 14 45420 12 45516 35 45568 15 45677 11 45772 12 45787 18 45824 15 45934 9 46028 9 46046 15 46080 15 46191 7 46284 7 46304 12 46336 15 46450 2 46541 4 46560 18 46592 15 46818 19 46850 13 47075 4 47080 13 47104 14 47336 14 47357 16 47592 14 47612 15 47848 14 47866 15 48105 13 48121 7 48129 6 48361 23 48387 1 48616 24 48872 24 49128 24 49384 24 49640 24 49896 24 50152 24 50407 25 50662 26 50917 27 51172 28 51428 28 51683 29 51830 1 51939 29 52082 7 52195 29 52336 10 52451 29 52591 11 52708 27 52847 11 52964 25 53103 11 53221 20 53359 11 53478 16 53615 10 53739 4 53871 9 54127 7 54384 5 54642 1 55376 13 55631 15 55656 4 55887 16 55906 12 56142 33 56398 34 56654 35 56910 37 57166 38 57422 38 57678 38 57936 36 58192 36 58449 34 58706 33 58962 31 59218 28 59474 26 59729 26 59979 4 59984 26 60234 32 60400 2 60490 31 60654 6 60746 31 60910 6 61002 31 61166 7 61258 31 61422 7 61514 32 61677 9 61770 32 61933 9 62026 33 62190 8 62283 32 62446 7 62541 31 62702 7 62798 32 62959 5 63054 33 63218 1 63311 32 63568 31 63825 31 64006 4 64082 30 64262 5 64339 28 64518 5 64596 27 64773 6 64852 27 65030 4 65108 26 65286 2 65364 25
000084,0 65536
326172,0 65536
666091,13 243 270 242 527 241 783 241 1040 240 1296 240 1552 240 1808 240 2065 239 2319 1 2321 239 2576 240 2832 240 3088 240 3344 1 3346 238 3600 1 3602 238 3857 239 4113 1 4115 237 4369 1 4371 237 4627 237 4883 237 5138 238 5394 1 5396 236 5650 1 5652 236 5907 237 6163 1 6165 235 6419 1 6421 235 6677 235 6932 236 7188 236 7444 236 7700 236 7957 235 8213 1 8215 233 8469 215 8685 19 8726 212 8939 1 8943 17 8982 213 9199 17 9238 1 9240 193 9434 38 9494 1 9496 193 9691 37 9753 189 9944 1 9948 36 10009 188 10204 36 10263 1 10265 187 10457 39 10521 188 10713 39 10777 188 10966 1 10968 40 11033 231 11290 230 11544 1 11546 230 11802 230 12059 229 12315 229 12571 229 12827 229 13083 229 13340 228 13596 228 13852 228 14109 227 14365 227 14621 227 14877 227 15133 227 15390 226 15646 226 15903 225 16159 225 16415 225 16671 225 16928 224 17184 224 17440 224 17696 224 17952 224 18209 223 18465 223 18721 223 18977 223 19233 223 19488 1 19490 222 19744 1 19746 222 20002 222 20257 223 20513 1 20515 221 20771 221 21027 221 21283 221 21540 220 21796 220 22052 220 22309 219 22565 219 22821 219 23077 219 23333 219 23588 220 23844 1 23846 218 24101 219 24359 217 24615 217 24871 217 25127 217 25384 216 25640 216 25896 216 26153 215 26409 215 26665 215 26921 215 27177 215 27432 1 27434 214 27688 1 27690 214 27946 214 28201 215 28459 213 28715 213 28971 213 29227 213 29482 214 29738 1 29740 212 29996 212 30251 213 30509 211 30765 211 31021 211 31277 211 31534 210 31790 210 32046 210 32303 209 32559 209 32815 209 33071 209 33327 209 33582 1 33584 208 33838 1 33840 208 34096 208 34352 208 34609 207 34865 207 35120 208 35376 208 35632 208 35888 1 35890 206 36146 206 36401 207 36657 1 36659 205 36915 205 37170 206 37426 206 37682 206 37938 1 37940 204 38196 204 38451 205 38707 1 38709 203 38965 203 39221 203 39477 203 39734 202 39990 202 40246 202 40503 201 40759 201 41015 201 41272 200 41528 200 41784 200 42040 200 42297 199 42553 199 42809 199 43065 199 43321 199 43578 198 43834 198 44090 198 44346 198 44603 197 44859 197 45115 197 45371 197 45628 196 45882 1 45884 196 46140 196 46397 195 46651 1 46653 195 46909 195 47165 195 47421 195 47676 196 47932 1 47934 194 48188 1 48190 194 48447 193 48703 193 48959 193 49215 193 49471 193 49728 192 49984 192 50240 192 50497 191 50753 191 51009 191 51265 191 51521 191 51778 190 52034 190 52290 190 52547 189 52803 189 53059 189 53315 189 53571 189 53826 190 54082 1 54084 188 54338 1 54340 188 54595 189 54853 187 55109 187 55365 187 55621 187 55876 1 55878 186 56134 186 56390 186 56647 185 56903 185 57159 185 57415 185 57671 185 57928 184 58184 184 58440 184 58697 183 58953 183 59209 183 59465 183 59722 182 59978 182 60234 182 60490 182 60747 181 61003 181 61259 181 61516 180 61772 180 62028 180 62284 180 62541 179 62797 179 63053 3 63057 175 63309 2 63312 176 63565 179 63821 179 64078 178 64334 178 64590 178 64846 178 65101 179 65360 176
000058,0 65536
000091, 
000045,0 4848 4849 253 5105 9 5116 243 5363 6 5370 2 5374 241 5621 6 5630 240 5872 1 5876 3 5881 3 5886 241 6133 1 6138 2 6142 241 6390 2 6394 3 6398 244 6647 2 6650 248 6900 1 6903 5 6909 247 7158 1 7160 251 7414 253 7671 759 8432 1 8434 250 8685 2 8690 253 8945 248 9196 5 9202 250 9453 4 9458 1794 11253 7936 19192 254 19447 247 19695 4 19702 253 19958 1027 20987 2 20990 248 21240 5 21246 251 21498 1 21500 251 21752 3 21756 255 22012 25027 47040 5 47047 246 47294 1 47305 246 47561 245 47808 1 47813 248 48064 2 48068 248 48320 254 48575 973 49551 1 49554 1 49556 1 49560 242 49817 1 49820 1 49823 9 49837 220 50079 10 50095 215 50311 1 50315 1 50337 5 50344 2 50351 63 50420 146 50570 2 50594 4 50600 2 50607 62 50670 1 50675 1 50677 146 50850 4 50857 1 50863 62 50931 148 51107 1 51119 62 51187 149 51371 2 51376 61 51443 150 51595 2 51627 2 51632 63 51697 138 51837 5 51843 1 51845 3 51851 3 51884 2 51888 202 52100 4 52107 3 52140 2 52145 71 52217 129 52362 5 52395 207 52617 6 52651 207 52873 3 52877 1 52908 4 52913 200 53130 1 53134 1 53163 206 53419 3 53423 201 53676 1 53680 199 53936 199 54193 1 54196 4 54202 193 54448 2 54453 1 54459 193 54709 2 54712 1 54716 192 54966 2 54969 1 54974 190 55221 1 55223 3 55231 189 55477 2 55482 1 55489 6 55496 184 55681 1 55734 1 55738 1 55751 189 55991 1 55995 2 56001 2 56007 190 56248 1 56252 2 56257 197 56509 6 56518 1 56521 189 56719 4 56767 9 56778 188 56973 6 57030 2 57034 188 57228 6 57273 1 57281 3 57286 3 57290 47 57342 135 57483 5 57527 4 57537 4 57543 1 57550 40 57600 132 57739 3 57743 1 57783 1 57785 2 57788 1 57794 4 57807 2 57811 33 57856 131 58039 4 58050 4 58064 2 58067 29 58111 131 58293 3 58321 2 58325 10 58338 10 58368 131 58556 1 58584 3 58589 2 58595 9 58624 114 58740 15 58806 1 58838 1 58840 4 58846 1 58852 6 58880 113 59002 9 59021 1 59063 1 59099 2 59103 1 59109 3 59136 110 59258 8 59276 3 59324 2 59335 4 59343 1 59346 1 59354 2 59359 1 59370 1 59391 113 59516 9 59531 4 59580 2 59591 7 59608 4 59616 1 59625 1 59646 114 59772 9 59786 5 59847 9 59858 10 59879 1 59900 116 60027 10 60041 7 60091 2 60095 4 60102 22 60129 2 60154 2 60157 115 60280 24 60347 8 60358 22 60385 2 60400 2 60410 2 60413 115 60535 27 60603 7 60613 23 60639 1 60642 1 60653 8 60666 119 60791 28 60858 10 60869 24 60895 1 60898 1 60908 11 60921 1 60923 2 60926 116 61043 1 61048 27 61113 37 61151 1 61162 18 61182 150 61368 38 61407 1 61417 18 61438 150 61620 3 61624 40 61667 1 61673 18 61696 142 61840 3 61874 70 61945 2 61952 120 62074 17 62129 72 62208 113 62330 15 62384 73 62458 1 62464 112 62587 2 62640 75 62718 1 62720 113 62897 9 62907 63 62973 113 63087 2 63153 9 63163 63 63228 112 63344 2 63409 10 63421 10 63432 49 63483 119 63666 9 63678 9 63688 47 63738 120 63922 9 63937 5 63944 46 63991 116 64111 2 64179 8 64193 5 64200 43 64245 118 64365 3 64436 8 64449 6 64456 168 64692 10 64704 11 64716 166 64949 20 64974 164 65205 19 65230 163 65462 19 65487 49
000057,0 65536
295041,0 3137 3139 419 3559 238 3798 509 4308 288 4598 217 4816 1 4818 1 4820 251 5075 34 5110 217 5330 4518 9849 1011 10861 510 11372 260 11633 255 11889 256 12146 507 12654 255 12910 4578 17489 256 17749 252 18003 754 18758 4961 23720 254 23976 253 24232 253 24487 254 24743 253 24998 254 25254 254 25510 22187 47698 15 47714 238 47954 508 48463 254 48718 7930 56649 199 56849 5918 62768 1774 64543 993
534313,0 46704 46705 512 47218 12241 59461 6075
490941,0 65536
689810,0 65536
283388,0 16791 16792 11500 28294 254 28551 254 28807 243 29052 8 29062 3 29067 248 29318 4 29324 240 29565 6 29576 2 29580 239 29821 6 29832 2 29836 240 30077 2 30080 3 30088 1 30092 240 30334 6 30344 244 30591 5 30601 252 30858 251 31113 252 31371 6 31378 243 31628 5 31634 1 31636 242 31883 7 31892 243 32140 1 32142 1 32145 1 32147 1 32149 242 32396 4 32401 1 32405 243 32652 3 32657 2 32661 243 32909 4 32917 239 33157 1 33159 2 33165 4 33173 239 33424 1 33426 244 33676 1 33680 245 33930 2 33934 192 34127 53 34188 194 34383 52 34437 1 34440 1 34442 250 34696 1 34698 238 34938 10 34952 1 34954 238 35194 8 35208 240 35450 4 35459 2 35464 241 35706 6 35715 1 35718 249 35974 249 36225 1 36228 43 36274 3 36279 201 36484 42 36529 2 36532 206 36739 44 36784 2 36787 13476 50264 255 50520 2 50524 247 50774 2 50780 247 51029 4 51037 246 51291 236 51530 9 51547 237 51787 3 51794 1 51802 236 52039 1 52056 235 52293 1 52312 235 52567 1 52569 233 52824 234 53080 2 53083 230 53339 231 53596 232 53851 232 54106 1 54110 228 54344 1 54350 1 54357 1 54361 2 54369 2 54374 219 54606 2 54611 3 54615 4 54625 1 54634 214 54860 8 54874 2 54879 3 54889 213 55116 10 55128 4 55135 4 55140 2 55144 213 55361 1 55371 18 55394 3 55399 4 55404 208 55618 2 55627 19 55649 2 55654 209 55864 3 55871 4 55882 233 56120 2 56126 2 56142 228 56371 1 56375 1 56381 1 56401 225 56627 1 56630 1 56652 229 56892 2 56908 229 57140 1 57149 1 57159 3 57165 65 57231 161 57394 3 57401 1 57414 3 57418 2 57421 227 57649 3 57656 1 57658 1 57662 4 57669 238 57911 4 57917 64 57982 181 58166 72 58239 179 58419 75 58495 6557 65054 482
000077,99 52 353 54 608 56 864 57 1119 58 1375 58 1630 59 1886 59 2142 58 2398 58 2654 57 2910 58 3166 59 3418 63 3673 64 3928 66 4184 74 4441 75 4698 75 4954 81 5212 6 5219 73 5469 3 5476 72 5733 71 5990 70 6247 68 6503 68 6760 66 7016 65 7272 64 7528 64 7784 64 7920 1 8040 64 8174 6 8184 3 8296 64 8407 4 8429 15 8552 63 8662 6 8684 17 8807 64 8918 6 8939 20 9063 64 9173 7 9195 21 9320 63 9428 8 9452 20 9576 62 9682 8 9708 20 9832 62 9938 7 9965 19 10088 62 10193 8 10221 19 10344 61 10448 8 10477 19 10597 65 10704 8 10733 19 10850 66 10960 10 10988 20 11103 69 11216 10 11242 22 11358 69 11472 11 11498 22 11613 69 11728 11 11753 23 11868 69 11984 11 12009 23 12123 70 12240 12 12266 22 12379 69 12496 13 12522 22 12634 70 12752 13 12771 1 12778 22 12889 71 13008 14 13025 5 13033 23 13144 71 13265 21 13289 23 13399 72 13522 20 13544 24 13655 71 13778 46 13910 71 14036 44 14166 71 14293 43 14422 70 14548 44 14674 74 14804 44 14928 76 15059 45 15183 77 15315 45 15438 78 15570 46 15694 78 15826 46 15950 78 16083 45 16206 77 16340 44 16462 77 16596 44 16719 75 16853 43 16975 73 17098 6 17110 42 17230 73 17353 9 17366 42 17486 73 17608 11 17622 42 17742 73 17864 12 17878 42 17997 74 18120 12 18133 43 18253 75 18375 13 18389 43 18509 77 18631 13 18645 43 18765 78 18886 58 19022 22 19047 41 19091 8 19142 58 19278 21 19307 32 19341 2 19348 7 19398 58 19534 20 19565 29 19603 8 19654 58 19790 19 19821 28 19858 9 19911 57 20047 18 20077 28 20113 10 20167 57 20304 17 20334 26 20369 10 20417 63 20560 17 20590 24 20625 11 20673 63 20817 16 20847 14 20865 3 20881 11 20929 63 21074 15 21105 10 21137 11 21185 63 21331 13 21362 7 21394 11 21441 63 21588 11 21651 9 21698 62 21846 6 21908 8 21954 62 22103 1 22166 5 22210 62 22467 61 22529 4 22696 1 22723 67 22949 8 22979 74 23204 12 23234 76 23459 16 23483 83 23715 107 23970 108 24159 1 24226 109 24415 1 24482 110 24738 110 24993 112 25112 4 25249 112 25367 6 25505 113 25623 7 25761 114 25878 9 26016 127 26272 127 26528 127 26784 127 27040 89 27130 37 27297 85 27389 34 27554 83 27646 33 27810 82 27904 31 28065 83 28160 31 28319 85 28416 30 28574 87 28672 30 28830 87 28928 28 29086 87 29184 28 29342 86 29440 27 29598 86 29696 25 29853 86 29952 24 30109 86 30208 17 30227 3 30365 85 30464 14 30621 84 30720 12 30877 83 30976 10 31132 80 31213 1 31232 7 31388 76 31488 6 31644 75 31744 6 31900 74 32000 5 32157 72 32256 4 32413 71 32512 2 32669 70 32768 2 32925 69 33180 70 33436 70 33685 77 33913 4 33940 78 34167 7 34194 79 34421 11 34449 80 34676 14 34704 80 34931 16 34959 80 35068 4 35186 19 35214 65 35282 8 35308 2 35321 7 35441 21 35470 63 35546 5 35562 7 35575 9 35697 22 35726 63 35801 9 35816 10 35830 10 35953 23 35981 63 36056 11 36071 25 36210 23 36237 63 36312 12 36325 27 36466 23 36493 63 36568 40 36723 22 36747 65 36824 40 36980 88 37080 40 37221 5 37238 89 37330 3 37337 39 37476 8 37501 90 37595 37 37732 9 37760 89 37855 33 37987 11 38018 87 38113 31 38243 11 38275 86 38369 31 38499 11 38532 88 38626 30 38754 12 38788 89 38882 30 39011 11 39044 124 39267 11 39299 125 39524 9 39554 126 39780 8 39809 124 39934 1 40038 1 40065 121 40321 120 40577 120 40834 119 41090 118 41346 110 41458 5 41601 110 41856 110 42111 112 42366 114 42621 116 42876 118 43132 119 43388 119 43643 121 43899 121 44155 121 44411 121 44667 120 44923 120 45179 119 45435 95 45534 11 45547 7 45691 89 45782 2 45792 7 45947 88 46204 85 46460 83 46717 81 46973 39 47016 10 47028 27 47229 38 47276 2 47286 25 47485 38 47543 24 47741 38 47801 22 47998 37 48059 19 48257 35 48323 6 48514 34 48582 1 48770 33 49025 35 49281 37 49320 8 49537 48 49594 2 49793 49 49848 5 50050 49 50103 7 50306 50 50358 8 50563 60 50819 60 51076 60 51332 61 51588 62 51845 62 51964 1 51966 1 52101 68 52210 14 52326 19 52357 70 52429 3 52464 16 52580 21 52613 76 52717 19 52835 23 52869 77 52969 23 53090 24 53124 78 53222 26 53345 25 53372 3 53380 78 53478 26 53601 25 53627 6 53635 80 53734 26 53850 5 53857 113 53992 24 54104 122 54248 24 54359 123 54504 24 54613 109 54724 14 54760 24 54867 109 54982 12 55016 24 55122 110 55239 12 55273 23 55376 111 55496 11 55529 23 55631 111 55750 1 55752 12 55785 23 55885 112 56003 18 56042 22 56139 113 56258 19 56299 21 56393 114 56514 19 56557 19 56648 112 56770 19 56817 15 56902 113 57025 19 57075 13 57156 115 57280 20 57333 11 57412 113 57536 18 57590 10 57667 113 57789 21 57847 9 57923 113 58044 22 58104 8 58178 113 58301 20 58361 7 58433 114 58557 20 58618 6 58688 116 58814 18 58876 4 58943 118 59071 16 59199 119 59327 15 59455 120 59584 13 59711 121 59841 11 59967 121 60100 8 60224 121 60359 2 60482 120 60744 114 61001 113 61258 112 61521 104 61778 103 61949 3 62036 100 62205 3 62293 99 62461 3 62554 94 62716 4 62812 91 62973 3 63069 90 63326 89 63582 87 63840 84 64098 82 64354 48 64405 30 64611 46 64661 30 64868 44 64917 29 65124 43 65173 29 65381 21 65407 16 65431 26
106940,0 65536
403905,0 65536
402143,0 190 195 2 200 185 388 59 458 183 643 59 715 182 902 59 971 182 1158 60 1227 182 1411 59 1471 4 1483 249 1735 1 1737 5646 7384 1 7386 154 7543 85 7630 9 7642 153 7801 81 7886 9 7898 152 8057 83 8142 2 8146 2 8155 151 8313 18 8332 60 8393 2 8398 1 8401 2 8410 151 8570 77 8648 2 8653 2 8656 3 8666 148 8825 77 8905 1 8907 6 8925 145 9081 83 9165 3 9180 143 9329 4 9335 85 9421 3 9435 137 9573 5 9583 76 9661 14 9676 4 9691 136 9833 1 9838 77 9917 19 9947 96 10049 1 10051 33 10094 78 10176 15 10199 100 10309 31 10350 3 10354 74 10434 12 10449 1 10454 5 10461 93 10566 29 10606 79 10689 12 10709 6 10718 92 10822 29 10863 78 10947 12 10963 1 10966 1 10968 1 10974 92 11079 27 11119 13 11134 64 11203 13 11217 3 11224 2 11227 1 11230 94 11337 26 11374 14 11391 85 11479 5 11485 95 11595 29 11629 15 11649 188 11853 47 11905 188 12115 40 12165 78 12244 7 12252 98 12370 44 12422 75 12498 108 12627 43 12678 74 12754 108 12883 43 12934 77 13012 106 13131 1 13139 44 13191 184 13386 2 13395 44 13448 78 13527 107 13637 9 13652 43 13704 198 13908 44 13959 203 14163 46 14212 2 14215 2572 16788 255 17045 252 17301 253 17558 251 17815 250 18071 251 18326 253 18581 254 18836 3164 22003 255 22259 254 22518 8425 30946 253 31202 251 31454 253 31708 521 32233 560 32794 256 33052 252 33305 1 33308 253 33563 250 33814 3 33821 245 34067 2 34071 1 34077 245 34334 242 34591 240 34840 246 35096 246 35351 9 35361 237 35607 248 35856 7845 43704 253 43960 254 44217 253 44473 254 44728 19715 64444 1092
000053,0 65536
291134,0 65536
778684,0 21908 21912 250 22170 248 22424 250 22677 2 22680 252 22938 248 23187 1 23190 251 23446 250 23698 253 23957 249 24213 250 24470 246 24726 245 24982 244 25230 1 25236 247 25484 3 25494 244 25740 2 25743 2 25751 243 25999 3 26003 248 26255 246 26503 5 26510 248 26759 6 26767 2002 28770 257 29028 253 29284 254 29543 253 29798 63 29862 190 30053 515 30570 260 30833 254 31092 1 31094 248 31343 1 31350 248 31599 1 31605 1 31607 245 31863 2 31867 242 32111 1 32119 1 32123 243 32379 244 32635 245 32891 245 33147 245 33403 211 33615 31 33647 1 33659 243 33916 240 34172 240 34413 2 34427 243 34684 63 34748 167 34916 6 34923 2 34934 1 34941 62 35005 166 35172 8 35181 2 35196 61 35261 178 35451 63 35517 172 35690 4 35704 65 35774 169 35944 9 35958 67 36033 174 36215 66 36291 166 36461 2 36472 64 36547 170 36728 64 36803 1 36805 172 36982 65 37060 169 37230 5 37238 65 37318 168 37487 72 37573 210 37784 31 37824 1 37826 247 38082 3 38087 202 38292 37 38338 2 38342 202 38549 37 38593 208 38803 39 38849 251 39105 250 39363 248 39619 248 39874 170 40047 77 40130 171 40302 79 40386 251 40642 189 40832 61 40899 187 41087 62 41155 16 41173 232 41410 8 41419 9 41429 232 41665 19 41685 231 41917 13 41939 232 42172 13 42186 2 42195 159 42355 89 42446 237 42684 19 42708 251 42960 5 42966 508 43475 1578 45054 234 45290 17 45309 160 45471 71 45548 1 45550 13 45565 233 45806 13 45820 1 45822 232 46063 12 46078 231 46310 1 46321 10 46334 233 46577 10 46590 234 46833 9 46844 1 46846 234 47090 8 47102 235 47346 8 47358 237 47603 7 47614 238 47858 8 47870 238 48114 8 48127 238 48370 8 48383 239 48624 10 48639 250 48895 251 49150 252 49406 252 49662 252 49918 252 50174 255 50430 255 50686 5939 56626 250 56878 2 56882 248 57134 252 57387 246 57637 252 57893 253 58147 10 58159 73 58233 1278 59514 253 59770 252 60025 253 60281 193 60476 3 60483 51 60538 193 60732 58 60794 248 61043 4 61050 254 61306 249 61556 1 61558 3 61562 248 61820 247 62073 249 62328 250 62583 251 62839 4 62844 1 62846 245 63096 3 63102 245 63352 3 63359 247 63608 3 63615 168 63784 83 63873 2 63876 247 64124 1 64133 246 64390 245 64647 502 65159 246 65416 4 65424 112
650818,41 215 297 215 553 215 809 215 1067 213 1321 1 1323 213 1578 214 1834 214 2090 214 2346 214 2602 1 2604 212 2860 212 3115 213 3371 1 3373 211 3627 1 3629 211 3883 1 3885 211 4140 212 4397 211 4653 211 4908 1 4910 210 5164 1 5166 210 5422 210 5677 211 5935 209 6189 1 6191 209 6445 1 6447 209 6703 209 6959 209 7215 209 7470 1 7472 208 7726 1 7728 208 7984 208 8239 209 8497 207 8753 207 9008 208 9264 208 9520 208 9777 207 10032 1 10034 206 10290 206 10546 206 10801 1 10803 205 11059 205 11313 1 11315 205 11570 206 11826 206 12082 206 12338 206 12594 1 12596 204 12850 1 12852 204 13108 204 13363 205 13619 1 13621 203 13877 203 14133 203 14389 203 14645 203 14902 202 15158 202 15414 202 15669 203 15927 201 16181 1 16183 201 16438 202 16694 202 16950 202 17207 201 17462 1 17464 200 17718 1 17720 200 17976 200 18231 201 18489 199 18743 1 18745 199 19001 199 19257 199 19513 199 19768 1 19770 198 20024 1 20026 198 20282 198 20537 199 20793 199 21049 1 21051 197 21305 1 21307 197 21562 198 21819 197 22075 197 22330 1 22332 196 22586 1 22588 196 22844 196 23099 197 23355 197 23611 1 23613 195 23867 1 23869 195 24124 196 24381 195 24636 196 24892 1 24894 194 25150 194 25405 195 25661 195 25917 1 25919 193 26173 1 26175 193 26430 194 26686 194 26942 194 27198 194 27454 1 27456 192 27710 1 27712 192 27967 193 28223 193 28479 1 28481 191 28735 1 28737 191 28992 192 29248 192 29504 192 29760 192 30016 1 30018 190 30272 1 30274 190 30529 191 30787 189 31043 189 31299 189 31554 190 31810 190 32066 190 32322 1 32324 188 32578 1 32580 188 32836 188 33091 189 33349 187 33603 1 33605 187 33860 188 34116 188 34372 188 34628 188 34884 1 34886 186 35140 1 35142 186 35398 186 35653 187 35911 185 36165 1 36167 185 36423 185 36679 185 36935 185 37190 1 37192 184 37446 1 37448 184 37703 185 37959 185 38215 185 38471 1 38473 183 38727 1 38729 183 38984 184 39240 184 39496 184 39752 1 39754 182 40008 1 40010 182 40266 182 40521 183 40777 183 41033 1 41035 181 41289 1 41291 181 41547 181 41803 181 42058 182 42314 1 42316 180 42572 180 42827 181 43083 181 43339 1 43341 179 43595 1 43597 179 43852 180 44108 180 44364 180 44620 180 44876 1 44878 178 45132 1 45134 178 45389 179 45645 179 45901 1 45903 177 46157 1 46159 177 46414 178 46670 178 46926 178 47182 178 47438 1 47440 176 47694 1 47696 176 47951 177 48207 1 48209 175 48463 1 48465 175 48720 176 48976 176 49232 176 49488 176 49744 1 49746 174 50000 176 50257 175 50513 175 50769 1 50771 173 51025 1 51027 173 51282 174 51538 174 51794 174 52050 174 52306 1 52308 172 52562 1 52564 172 52819 173 53075 173 53331 1 53333 171 53587 1 53589 171 53844 172 54100 172 54357 171 54612 172 54868 1 54870 170 55126 170 55381 171 55638 170 55893 1 55895 169 56149 171 56406 170 56662 170 56918 170 57174 1 57176 168 57430 1 57432 168 57687 169 57943 169 58199 169 58455 1 58457 167 58711 169 58968 168 59225 167 59481 167 59736 1 59738 166 59994 166 60250 166 60505 167 60763 165 61019 165 61274 166 61531 165 61786 166 62043 165 62300 164 62556 164 62812 164 63067 165 63325 163 63579 1 63581 163 63836 164 64092 164 64348 164 64604 164 64860 164 65116 164 65375 161
190259,0 4130 4132 252 4386 254 4645 250 4899 1 4901 1369 6274 1 6276 249 6528 3 6532 1 6534 250 6788 1 6790 249 7044 251 7296 1 7298 1265 8564 2726 11291 1108 12400 255 12656 3263 15925 249 16181 249 16436 3885 20324 251 20581 250 20837 250 21089 7371 28461 1 28467 248 28721 248 28972 2 28976 248 29228 250 29479 1 29484 248 29740 247 29996 246 30251 247 30506 250 30757 2 30762 245 31009 2 31013 2 31017 246 31265 2 31268 3 31273 245 31521 1 31528 246 31784 246 32040 247 32295 248 32550 5468 38022 251 38282 247 38539 246 38796 248 39050 253 39305 26 39332 226 39560 23 39590 250 39847 248 40103 246 40358 251 40615 13 40632 2 40635 249 40889 249 41145 231 41377 17 41402 248 41657 249 41913 248 42170 247 42419 1 42422 251 42675 2808 45484 17193 62678 5 62684 246 62935 1 62937 247 63191 2 63196 244 63443 1 63448 1 63450 63 63514 183 63699 2 63705 63 63770 183 63961 248 64210 1 64219 246 64476 244 64732 2 64735 243 64982 251 65239 249 65496 40
260940,0 15496 15497 255 15753 1533 17287 254 17542 255 17798 254 18053 20929 38984 254 39240 253 39496 253 39750 255 40006 1526 41533 255 41790 1 41792 251 42049 251 42306 251 42564 249 42819 250 43076 250 43330 1 43332 1502 44836 253 45092 252 45348 252 45602 254 45857 2816 48674 16862
402654,0 65536
609763,0 65536
614416,0 65536
000003,0 65536
000074,0 65536
421383,0 29976 29978 17034 47013 251 47266 1 47270 249 47526 244 47771 6 47783 253 48039 3592 51632 255 51890 253 52146 253 52402 253 52658 254 52914 4 52922 247 53170 3 53179 666 53846 1617 55464 10072
423047,0 15012 15013 530 15544 231 15777 22 15800 232 16034 254 16290 18 16309 236 16547 253 16803 253 17062 252 17317 519 17838 254 18093 255 18349 255 18605 257 18863 252 19116 255 19372 255 19628 255 19884 258 20143 255 20400 506 20907 5865 26774 254 27030 254 27286 255 27542 1791 29334 505 29842 256 30099 764 30865 250 31116 3 31120 251 31374 16751 48126 255 48383 254 48640 253 48896 254 49152 16384
491029,0 65536
432339,0 65536
809952,1791 1 2045 3 2300 4 2556 4 2811 5 3062 10 3311 4 3316 12 3564 20 3817 23 4070 26 4323 29 4576 32 4829 35 5081 39 5334 2 5337 39 5587 45 5840 48 6093 51 6346 54 6598 58 6851 61 7104 64 7357 67 7610 70 7863 73 8115 77 8369 79 8622 82 8875 85 9127 89 9380 92 9635 93 9887 1 9889 1 9891 93 10143 97 10392 4 10397 99 10644 2 10647 105 10897 111 11150 114 11404 116 11656 120 11909 123 12162 126 12415 129 12668 132 12921 135 13173 139 13426 2 13429 139 13679 145 13932 148 14185 151 14438 154 14690 158 14943 161 15196 164 15449 167 15702 170 15954 174 16207 177 16461 179 16714 182 16967 185 17219 189 17472 2 17475 189 17725 195 17978 198 18231 201 18484 204 18736 208 18989 211 19242 214 19495 217 19748 220 20001 223 20254 226 20507 229 20760 232 21013 235 21265 239 21522 238 21775 241 22029 245 22281 252 22536 43000
000072,0 65536
000016,232 24 488 24 746 22 1005 19 1262 18 1518 18 1772 20 2027 21 2283 21 2539 21 2795 21 3051 21 3308 20 3471 4 3564 20 3725 9 3820 20 3980 12 4078 18 4236 19 4334 18 4491 23 4591 17 4747 26 4848 16 5003 28 5105 15 5237 2 5259 29 5360 16 5491 7 5515 29 5615 17 5746 10 5771 29 5873 15 6002 11 6027 29 6129 15 6258 13 6283 29 6386 14 6514 15 6532 35 6643 13 6770 51 6899 13 7027 49 7156 12 7284 46 7412 12 7540 45 7668 12 7797 43 7924 1 7926 4 7934 2 8054 41 8182 3 8190 2 8311 39 8446 2 8568 37 8655 1 8693 1 8702 2 8825 35 8913 1 8958 2 9082 34 9214 2 9340 32 9597 31 9726 1 9853 31 9982 1 10110 30 10367 29 10623 29 10879 29 11136 28 11392 27 11648 27 11774 1 11904 27 11989 4 12030 1 12160 27 12245 4 12286 1 12417 26 12500 4 12542 1 12673 27 12756 4 12798 1 12929 28 13012 3 13054 1 13185 29 13270 2 13310 1 13441 29 13566 1 13698 28 13822 1 13955 27 14212 26 14471 22 14591 1 14729 15 14846 2 14990 8 15089 3 15102 2 15248 4 15345 4 15350 1 15358 2 15599 1 15602 6 15614 2 15855 9 15870 2 16110 9 16123 5 16366 18 16622 18 16877 19 17132 1 17134 18 17390 18 17646 18 17902 18 18158 18 18414 18 18669 19 18926 18 19182 18 19436 20 19692 20 19948 20 20205 19 20461 19 20717 19 20973 19 21229 19 21484 20 21739 21 21996 1 21998 18 22254 18 22509 19 22767 17 23025 15 23281 15 23539 13 23797 11 24054 10 24309 11 24570 6 24827 5 25084 1 25086 2 25342 2 25598 1 25610 3 25864 5 26120 6 26375 8 26630 10 26887 11 26903 2 27143 20 27401 19 27658 19 27917 14 28050 1 28174 14 28302 8 28430 11 28442 1 28557 10 28673 1 28688 11 28812 12 28929 1 28944 14 29067 13 29185 1 29201 15 29323 13 29441 1 29457 15 29579 13 29697 1 29713 14 29835 13 29953 1 29973 1 29975 8 30092 12 30209 1 30231 7 30349 11 30465 1 30487 4 30605 10 30862 8 31119 6 31376 3 34561 1 34817 1 35073 1 35329 1 35585 1 35841 2 36097 3 36352 4 36608 4 36864 4 37120 4 37138 1 37376 5 37632 5 37888 5 38144 5 38398 7 38654 7 38675 2 38902 2 38910 7 38929 4 39160 1 39166 7 39178 1 39180 2 39183 6 39418 3 39422 6 39434 12 39674 10 39690 13 39931 9 39946 14 40187 5 40193 3 40202 15 40441 11 40458 15 40697 7 40705 3 40714 16 40942 1 40952 1 40956 4 40961 2 40970 16 41194 4 41210 6 41217 2 41225 17 41450 1 41460 12 41473 2 41481 16 41715 13 41729 1 41737 16 41964 2 41971 13 41985 1 41993 15 42219 3 42227 4 42236 4 42241 1 42249 15 42475 2 42482 4 42492 4 42497 1 42506 14 42731 2 42734 1 42736 1 42738 4 42748 4 42753 1 42763 12 42966 1 42988 1 42990 1 42994 1 42996 2 43004 4 43009 1 43020 10 43221 3 43261 3 43265 1 43277 9 43517 3 43521 1 43535 5 43773 3 43777 1 44030 2 44286 2 44542 1 59927 4 60182 6 60437 7 60671 1 60692 9 60926 2 60948 9 61180 4 61204 10 61435 5 61459 11 61689 7 61715 12 61943 9 61971 12 62197 11 62227 12 62452 12 62483 13 62707 13 62739 13 62963 13 62995 14 63218 14 63251 14 63474 14 63507 14 63729 15 63762 15 63985 15 64013 20 64240 17 64268 7 64278 11 64496 17 64514 1 64526 2 64538 6 64752 16 64770 3 64781 5 64792 9 65007 17 65025 6 65032 8 65051 4 65263 17 65285 6 65293 1 65309 1 65519 17
844747,0 4104 4106 253 4362 256 4619 18711 23331 6621 29953 255 30209 255 30465 255 30721 255 30977 255 31234 254 31490 254 31746 254 32003 253 32259 253 32515 253 32772 252 33028 252 33284 252 33540 252 33797 251 34053 251 34309 251 34564 252 34820 252 35077 251 35335 249 35591 249 35847 249 36102 250 36358 250 36614 250 36871 249 37128 248 37385 247 37641 247 37897 247 38152 248 38410 246 38666 246 38923 245 39179 245 39435 245 39691 245 39948 244 40204 244 40460 244 40717 243 40973 4 40978 238 41229 4 41234 238 41485 4 41490 238 41742 242 41998 242 42254 242 42512 240 42767 241 43023 241 43279 241 43535 241 43790 1 43792 240 44046 1 44048 240 44305 239 44561 239 44817 239 45073 239 45328 240 45584 1 45586 238 45840 1 45842 238 46099 237 46355 237 46611 237 46867 237 47123 237 47380 236 47636 236 47893 235 48149 235 48405 235 48661 235 48917 235 49174 234 49428 1 49430 234 49686 234 49943 233 50199 233 50455 233 50711 233 50966 234 51222 1 51224 232 51479 233 51737 231 51993 231 52249 231 52505 231 52760 232 53016 1 53018 230 53274 230 53530 230 53785 1 53787 229 54043 229 54299 229 54554 230 54810 230 55067 229 55323 1 55325 227 55579 229 55837 227 56093 227 56348 228 56604 1 56606 226 56861 227 57118 226 57373 1 57375 225 57629 1 57631 225 57887 225 58142 226 58398 226 58655 225 58911 225 59167 225 59423 1 59425 223 59681 223 59937 223 60192 224 60448 224 60705 223 60963 221 61219 221 61475 221 61731 221 61988 220 62244 220 62501 219 62757 219 63014 218 63270 218 63526 218 63780 1 63782 218 64038 218 64294 218 64549 219 64805 219 65062 218 65320 216
455136,0 65536
000066, 
000085,58442 2 58697 4 58954 3 59210 1 61390 2 61644 6 61900 6 62155 8 62411 8 62668 7 62924 6
000022,46316 5 46566 12 46820 16 47075 29 47331 29 47586 30 47842 30 48098 30 48354 30 48611 29 48868 28 49125 27 49381 27 49638 26 49894 26 50150 26 50404 28 50659 29 50915 29 51170 30 51426 30 51681 21 51705 7 51935 21 51962 6 52188 25 52218 6 52256 5 52443 27 52474 6 52509 9 52699 28 52730 6 52764 11 52782 3 52891 4 52955 37 53019 12 53037 5 53145 7 53211 37 53274 13 53293 5 53399 9 53466 38 53530 13 53549 6 53653 11 53716 44 53787 12 53804 6 53908 11 53969 47 54043 12 54060 5 54160 15 54224 48 54299 12 54317 3 54414 17 54479 49 54555 11 54670 17 54731 53 54811 11 54925 18 54985 55 55053 4 55067 11 55181 23 55236 60 55308 8 55323 11 55341 2 55435 26 55491 61 55564 25 55595 6 55646 8 55688 30 55746 62 55820 25 55850 7 55900 11 55943 31 56001 63 56075 24 56104 10 56155 13 56198 33 56254 66 56331 22 56358 14 56410 16 56454 34 56509 67 56588 20 56613 15 56666 16 56709 37 56764 68 56843 22 56867 18 56922 16 56964 39 57019 69 57098 43 57178 16 57218 43 57274 70 57352 46 57436 14 57470 47 57529 71 57608 46 57693 13 57710 3 57724 49 57785 71 57863 48 57950 21 57978 51 58040 72 58118 49 58207 21 58230 55 58295 73 58373 50 58428 3 58462 79 58550 74 58628 51 58685 3 58716 81 58804 76 58883 52 58942 5 58970 83 59059 77 59138 53 59198 8 59224 87 59313 79 59393 54 59454 9 59479 224 59709 11 59733 227 59965 11 59989 227 60222 10 60246 227 60479 9 60501 227 60736 8 60755 229 60996 2 61009 230 61263 232 61518 232 61774 231 62030 231 62285 231 62540 230 62795 228 63048 229 63303 229 63558 227 63813 226 64068 227 64323 227 64579 227 64834 228 65090 228 65346 190
521139,0 65536
000098,250 6 504 8 760 8 1016 8 1273 7 1529 7 1786 6 2042 6 2298 6 2497 2 2554 6 2752 4 2810 6 3007 6 3067 5 3263 7 3323 5 3508 1 3519 7 3580 4 3775 7 3790 3 3836 4 4032 6 4047 2 4092 4 4289 5 4303 1 4348 4 4545 5 4604 4 4802 4 4859 5 5058 4 5115 5 5314 3 5371 5 5571 1 5627 5 5883 5 6139 5 6396 4 6651 5 6906 6 7162 6 7418 6 7675 5 7932 4
614290,15356 1 15358 2 15607 3 15611 5 15859 13 16112 16 16364 20 16617 23 16869 27 17122 30 17374 34 17629 35 17885 35 18140 36 18397 35 18653 35 18909 35 19162 38 19409 47 19661 51 19905 1 19912 56 20166 58 20415 1 20417 63 20668 68 20923 69 21176 72 21430 74 21686 74 21938 78 22176 4 22181 1 22185 87 22429 99 22683 101 22938 102 23191 105 23446 106 23700 108 23954 110 24207 113 24458 118 24710 1 24713 119 24963 4 24968 120 25216 128 25468 132 25721 135 25970 142 26225 143 26477 147 26730 150 26983 153 27236 156 27488 1 27490 158 27741 163 27992 168 28232 1 28246 170 28498 174 28741 3 28750 178 28994 6 29002 182 29246 10 29257 183 29495 1 29497 1 29499 197 29746 206 30001 207 30255 209 30510 210 30766 210 31020 212 31275 213 31527 217 31780 220 32034 222 32275 2 32287 225 32524 3 32530 2 32536 232 32777 6 32784 240 33031 8 33040 242 33286 9 33296 32240
255130,0 65536
000095,0 65536
567220, 
798724,0 9174 9175 253 9429 2 9434 250 9690 247 9944 2 9947 246 10203 244 10457 247 10713 246 10969 1 10974 158 11135 81 11225 1 11228 160 11389 82 11483 243 11727 1 11733 2 11739 155 11895 4 11902 80 11983 1 11988 1 11990 1 11992 2 11995 153 12149 91 12244 6 12251 155 12410 98 12510 256 12767 151 12920 1 12922 99 13022 153 13179 250 13431 1 13433 255 13689 254 13945 362 14310 512 14824 253 15078 508 15588 254 15844 68 15913 3 15917 254 16174 252 16432 250 16688 250 16940 256 17197 255 17453 255 17709 255 17965 2763 20729 2564 23294 255 23550 765 24316 314 24632 2 24635 192 24828 64 24893 4261 29156 254 29411 5932 35344 252 35597 2 35600 255 35857 1260 37118 255 37374 1274 38650 765 39416 2915 42332 5002 47335 2561 49897 512 50410 255 50666 8228 58895 3097 61993 479 62473 511 62985 1 62988 255 63244 252 63497 2039
863209,0 13562 13563 2 13566 247 13814 4 13822 244 14068 1 14078 239 14318 2 14336 235 14592 229 14822 1 14848 226 15104 225 15360 219 15616 214 15872 210 16128 206 16335 2 16384 203 16640 198 16896 195 17152 193 17408 187 17597 1 17664 183 17920 180 18176 175 18352 1 18354 2 18432 172 18606 1 18688 167 18944 164 19200 160 19361 2 19456 156 19712 152 19865 3 19968 148 20224 144 20369 1 20480 141 20622 1 20736 139 20876 1 20992 133 21248 129 21379 1 21504 128 21760 123 21884 1 22016 117 22135 2 22272 113 22386 1 22528 110 22639 1 22784 105 22890 2 22893 1 23040 102 23296 97 23397 1 23552 92 23808 90 24064 86 24320 82 24403 1 24576 79 24832 74 25088 71 25344 66 25600 63 25665 1 25856 62 26112 56 26368 53 26624 51 26880 43 26924 1 26927 1 27136 38 27392 35 27648 30 27904 27 28160 24 28416 20 28437 2 28672 17 28690 1 28928 12 28941 2 29184 8 29440 6 29448 1 29696 4 29952 3 30208 3 30464 2 30720 1
000052,0 65536
000097, 
652005,0 65536
000043,0 65536
927691,0 65536
891930,76 180 332 180 589 179 845 179 1101 179 1358 178 1614 178 1870 178 2126 178 2383 177 2639 177 2895 177 3151 177 3408 176 3664 176 3921 175 4177 175 4433 175 4689 175 4946 174 5202 174 5459 173 5715 173 5971 173 6228 172 6484 172 6741 171 6997 171 7253 171 7509 171 7765 171 8022 170 8278 170 8534 170 8791 169 9047 169 9304 168 9560 168 9816 168 10072 168 10329 167 10585 167 10841 167 11098 147 11247 17 11354 146 11502 18 11610 166 11867 165 12125 163 12381 144 12527 17 12637 145 12783 17 12892 146 13039 17 13148 164 13405 142 13548 20 13661 163 13917 163 14173 163 14430 162 14686 162 14942 162 15199 161 15455 161 15711 1 15713 159 15968 132 16101 27 16224 160 16480 160 16736 160 16993 159 17249 159 17505 159 17761 159 18018 158 18274 158 18530 158 18787 157 19043 157 19299 157 19555 157 19812 156 20068 156 20325 155 20581 155 20837 155 21093 155 21350 154 21606 154 21863 153 22119 153 22375 153 22631 153 22888 152 23144 152 23401 151 23657 151 23913 151 24169 151 24425 151 24682 150 24938 150 25195 149 25451 149 25708 148 25965 147 26221 147 26478 146 26734 146 26992 144 27248 144 27504 144 27759 145 28016 144 28272 144 28528 144 28786 142 29042 142 29297 143 29553 143 29810 142 30066 142 30323 141 30579 141 30835 141 31091 141 31347 141 31604 140 31860 140 32116 140 32373 139 32629 139 32885 139 33140 140 33396 140 33653 139 33909 139 34165 139 34423 137 34679 44 34729 87 34935 44 34982 90 35191 44 35238 90 35448 136 35705 135 35961 135 36217 42 36261 91 36472 43 36517 91 36728 43 36772 92 36985 135 37241 135 37497 135 37753 135 38009 135 38265 135 38522 134 38778 134 39035 133 39291 133 39547 133 39803 133 40060 132 40316 132 40573 131 40829 131 41085 131 41341 131 41598 130 41854 130 42110 130 42367 129 42624 128 42880 128 43136 128 43392 128 43648 128 43904 128 44161 127 44417 127 44673 127 44930 126 45186 126 45443 125 45701 123 45955 1 45957 123 46211 125 46468 124 46724 124 46980 124 47237 123 47493 123 47749 123 48005 123 48261 123 48517 123 48774 122 49031 121 49287 121 49543 121 49799 121 50055 121 50311 121 50568 120 50824 120 51081 119 51337 119 51593 119 51849 119 52106 118 52362 118 52619 117 52875 117 53131 117 53387 117 53643 117 53900 116 54156 116 54413 115 54669 115 54925 115 55181 115 55438 114 55694 114 55950 114 56207 113 56463 113 56719 113 56975 113 57232 112 57488 112 57744 112 58001 111 58257 111 58513 111 58770 110 59026 110 59283 109 59539 109 59795 109 60051 109 60308 108 60564 108 60820 108 61077 107 61333 107 61589 107 61845 107 62101 107 62358 106 62614 106 62871 105 63127 105 63383 105 63639 105 63895 105 64152 104 64408 104 64665 103 64921 103 65177 103 65434 102
250616,0 65536
000051,12 31 56 2 142 24 237 8 268 31 311 4 398 25 493 9 524 31 567 4 653 28 749 9 780 30 822 5 909 28 1004 10 1035 32 1078 5 1165 30 1260 10 1291 31 1333 6 1421 31 1516 10 1547 31 1589 6 1677 32 1772 10 1803 31 1845 6 1932 33 2028 11 2060 30 2100 7 2188 34 2284 11 2316 30 2357 5 2444 33 2541 10 2573 28 2614 4 2700 33 2797 10 2830 26 2871 1 2956 33 3054 9 3086 25 3212 32 3312 6 3341 23 3468 32 3570 3 3597 21 3724 32 3852 21 3981 30 4108 21 4238 29 4363 23 4496 26 4619 24 4756 21 4875 25 5013 19 5131 26 5169 5 5270 18 5387 27 5423 8 5527 17 5642 28 5678 9 5784 16 5898 31 5934 9 6041 14 6154 34 6189 8 6298 12 6410 42 6555 10 6666 40 6811 8 6923 35 7068 6 7179 35 7324 4 7436 34 7693 33 7949 33 8206 33 8462 13 8476 19 8709 2 8719 9 8733 19 8965 2 8975 9 8989 20 9221 1 9232 7 9246 20 9502 20 9734 2 9759 19 9984 8 10016 18 10240 8 10273 17 10496 8 10529 17 10752 8 10786 16 11008 7 11043 15 11264 6 11300 14 11366 7 11385 1 11520 6 11558 11 11621 10 11636 7 11776 6 11798 4 11815 9 11876 25 12032 12 12053 6 12072 7 12131 27 12288 18 12307 9 12330 4 12387 28 12544 29 12643 28 12800 30 12899 29 13056 30 13132 4 13155 30 13312 31 13387 6 13411 30 13568 31 13620 1 13643 7 13667 30 13824 31 13875 3 13899 7 13923 30 14080 32 14131 3 14155 7 14179 32 14336 32 14388 1 14412 5 14435 32 14592 32 14669 3 14691 32 14848 33 14947 32 15104 34 15204 30 15360 35 15461 29 15616 36 15718 29 15872 40 15974 30 16128 42 16230 31 16384 43 16486 31 16640 43 16741 32 16896 42 16996 33 17152 43 17251 34 17408 43 17506 35 17664 44 17762 35 17920 44 18018 35 18176 44 18273 36 18432 44 18529 36 18688 16 18706 27 18784 37 18944 16 18963 26 19040 37 19200 15 19219 26 19295 37 19456 16 19475 25 19540 6 19551 37 19712 44 19796 8 19805 39 19968 44 20051 49 20224 43 20308 48 20480 42 20564 48 20736 43 20820 48 20992 46 21076 48 21248 47 21333 46 21504 47 21589 46 21760 46 21845 45 22016 41 22102 44 22272 40 22358 44 22528 39 22613 45 22784 40 22869 45 23040 40 23125 45 23296 41 23382 44 23552 41 23638 45 23684 2 23808 41 23888 56 24064 41 24143 59 24320 41 24398 61 24576 41 24654 62 24830 1 24832 40 24909 63 25073 6 25085 43 25165 64 25328 8 25341 43 25421 50 25472 13 25582 58 25676 48 25729 12 25781 15 25837 59 25932 48 25986 11 26034 21 26092 61 26188 47 26243 10 26289 24 26347 62 26445 45 26500 8 26544 26 26603 62 26701 44 26757 7 26769 3 26776 2 26799 28 26858 35 26895 26 26957 41 27015 4 27023 13 27054 29 27114 36 27152 25 27213 39 27278 16 27309 30 27370 35 27408 25 27454 1 27469 38 27534 17 27565 31 27626 35 27665 23 27708 6 27725 38 27789 19 27820 33 27882 35 27922 22 27964 8 27981 38 28044 20 28076 33 28131 43 28178 21 28219 9 28237 38 28298 22 28332 34 28384 32 28419 10 28435 20 28475 9 28493 37 28553 24 28588 34 28639 33 28677 8 28691 17 28730 11 28749 37 28808 25 28844 34 28895 33 28934 7 28948 14 28986 11 29005 17 29023 18 29062 27 29100 34 29150 34 29190 7 29205 12 29241 12 29261 15 29279 18 29316 29 29356 34 29406 34 29447 5 29461 11 29497 12 29518 12 29535 18 29571 30 29612 34 29663 33 29705 1 29718 9 29753 12 29792 17 29826 32 29869 33 29919 12 29934 18 29974 8 30009 12 30048 17 30076 3 30081 32 30125 33 30176 10 30191 17 30230 7 30265 12 30305 15 30330 39 30381 32 30434 5 30448 16 30488 4 30521 12 30561 15 30586 40 30628 4 30637 32 30705 15 30777 12 30817 15 30841 48 30893 31 30963 13 31032 13 31074 13 31097 49 31148 31 31220 12 31287 15 31330 12 31352 50 31404 30 31476 12 31542 17 31586 11 31608 49 31660 30 31733 11 31798 17 31843 9 31863 41 31907 5 31916 31 31989 11 32054 18 32100 6 32119 41 32172 31 32247 9 32308 20 32374 41 32429 30 32504 8 32562 21 32630 40 32685 30 32762 6 32816 21 32886 39 32941 30 32988 5 33019 5 33068 25 33142 38 33198 28 33241 9 33260 4 33275 5 33322 26 33398 38 33455 27 33495 14 33515 7 33531 5 33576 29 33653 38 33712 24 33750 33 33786 6 33831 30 33909 37 33969 23 34006 42 34087 31 34152 3 34164 38 34225 23 34261 43 34342 33 34408 4 34420 38 34482 22 34517 41 34598 33 34664 4 34676 37 34738 22 34774 40 34855 32 34921 3 34931 37 34994 22 35030 40 35111 32 35187 37 35242 4 35250 22 35286 40 35368 31 35442 37 35496 7 35506 22 35542 40 35623 32 35698 37 35750 9 35762 22 35798 41 35878 33 35954 37 36005 11 36019 21 36053 42 36132 37 36211 36 36260 13 36275 20 36310 42 36387 39 36467 36 36516 13 36532 18 36566 42 36642 41 36724 35 36772 13 36790 6 36822 42 36898 41 36982 33 37028 13 37077 43 37153 42 37240 30 37284 14 37331 45 37409 42 37498 28 37541 13 37586 46 37665 42 37755 26 37798 14 37840 48 37920 42 38013 22 38055 14 38095 49 38176 43 38274 16 38312 13 38350 50 38431 44 38569 12 38606 50 38686 45 38826 11 38861 51 38942 45 39082 10 39117 32 39153 15 39198 44 39339 9 39373 33 39410 13 39453 46 39597 4 39629 33 39667 12 39709 47 39884 34 39924 9 39965 48 40140 34 40221 48 40396 33 40477 48 40652 33 40733 48 40907 34 40988 48 41163 33 41244 48 41418 32 41500 47 41674 31 41756 47 41930 30 42012 47 42186 30 42268 47 42435 2 42442 30 42524 47 42690 5 42698 30 42780 46 42946 6 42954 30 43037 45 43202 6 43211 29 43293 44 43459 4 43467 28 43549 43 43723 28 43805 42 43979 28 44062 40 44236 26 44319 38 44492 25 44575 35 44749 15 44765 6 44832 32 45005 9 45088 31 45263 6 45344 30 45600 29 45857 26 46112 26 46368 25 46623 26 46879 26 47102 1 47134 27 47354 6 47390 27 47609 7 47646 26 47864 8 47902 26 48119 9 48156 26 48375 9 48409 5 48416 8 48425 12 48631 9 48663 7 48682 11 48887 9 48918 9 48939 10 49143 9 49174 9 49194 11 49400 8 49430 9 49451 9 49656 8 49686 9 49707 9 49912 8 49942 9 49963 9 50168 8 50199 7 50220 6 50424 8 50456 4 50477 4 50680 8 50937 7 51193 7 51450 6 51707 5 51965 3 52222 1 56928 4 57182 7 57437 11 57688 17 57942 20 58198 21 58453 24 58708 26 58964 27 59219 29 59475 30 59730 33 59986 35 60170 1 60241 37 60424 6 60497 37 60679 9 60752 39 60934 15 61008 40 61189 17 61264 41 61444 19 61522 39 61699 23 61778 39 61954 25 62035 38 62210 25 62291 38 62465 27 62547 38 62721 27 62803 38 62978 26 63059 37 63234 26 63315 36 63491 25 63571 35 63749 23 63827 34 64005 24 64083 33 64262 23 64339 33 64518 23 64596 32 64771 26 64853 31 65028 17 65047 4 65110 29 65284 17 65367 28
607765,0 65536
000075,0 65536
694806,0 28965 28966 255 29223 254 29480 7645 37128 253 37384 253 37640 253 37894 1078 38976 208 39185 42 39232 211 39445 38 39488 209 39699 39 39743 208 39957 1 39960 41 40003 203 40211 4 40216 247 40466 45 40512 197 40712 4 40721 44 40766 210 40977 7 40986 34 41021 209 41234 7 41242 242 41489 250 41745 249 41999 249 42256 248 42510 166 42677 81 42762 252 43015 761 43777 1 43779 253 44035 253 44291 253 44547 253 44802 254 45058 4838 49897 13254 63152 3 63156 1 63158 260 63419 249 63671 3 63675 248 63929 245 64178 2 64185 252 64440 255 64696 840
677723,0 65536
000011, 
000096,0 65536
544420,0 65536
305222,0 65536
000086, 
841484,0 163 164 2 215 1 256 166 471 3 512 165 732 1 768 166 1024 166 1280 167 1536 168 1715 1 1792 169 1962 1 1971 2 1979 3 2048 171 2220 11 2232 9 2304 175 2480 19 2560 173 2734 4 2740 16 2764 1 2816 172 2990 5 2996 16 3017 1 3019 4 3072 166 3239 7 3247 22 3328 165 3495 6 3503 21 3533 3 3584 165 3754 3 3760 23 3787 2 3791 1 3840 165 4009 4 4016 23 4043 4 4096 198 4299 4 4352 197 4550 1 4555 4 4608 161 4770 35 4806 1 4811 2 4864 203 5120 204 5325 2 5328 1 5376 200 5632 200 5839 1 5888 199 6094 1 6144 206 6400 206 6656 206 6912 205 7168 156 7326 48 7424 207 7680 207 7936 206 8192 207 8448 206 8704 206 8960 205 9216 157 9374 47 9472 205 9728 204 9984 204 10240 203 10496 202 10752 201 11008 201 11264 200 11520 200 11776 200 12032 200 12288 201 12544 201 12800 162 12964 37 13056 202 13312 162 13476 38 13568 163 13735 35 13801 1 13824 165 13992 34 14080 165 14247 35 14336 166 14503 35 14592 164 14760 33 14848 166 15016 33 15104 166 15271 33 15360 200 15616 200 15872 200 16128 200 16384 201 16640 203 16896 204 17152 204 17408 204 17664 203 17920 203 18176 203 18432 203 18688 203 18944 203 19200 203 19456 203 19712 203 19968 203 20224 203 20480 203 20736 202 20992 204 21248 204 21504 203 21760 163 21924 5 21934 30 22016 163 22181 1 22183 2 22190 9 22201 17 22272 162 22446 9 22456 18 22528 159 22704 5 22713 16 22784 158 22947 1 22960 5 22970 15 23040 158 23217 6 23227 13 23296 157 23473 2 23479 2 23483 12 23552 156 23729 2 23732 1 23739 12 23808 156 23988 1 23993 15 24009 2 24064 155 24248 5 24255 9 24265 4 24320 157 24501 9 24511 14 24576 156 24757 25 24832 156 25010 1 25014 9 25026 2 25029 9 25088 154 25245 1 25259 3 25268 1 25270 10 25284 12 25344 154 25509 2 25516 3 25524 12 25539 14 25600 154 25766 2 25770 2 25774 1 25779 11 25793 16 25856 155 26016 1 26024 5 26030 2 26035 11 26048 17 26112 155 26276 1 26279 9 26291 29 26328 2 26335 1 26368 156 26535 9 26546 30 26585 8 26594 1 26624 156 26790 42 26880 158 27044 44 27100 2 27136 159 27299 46 27392 159 27554 48 27648 160 27809 50 27904 212 28134 2 28151 1 28160 212 28389 3 28400 1 28402 2 28407 1 28416 212 28645 4 28656 5 28663 1 28672 213 28892 15 28911 7 28919 2 28928 213 29147 12 29160 3 29167 10 29184 214 29401 14 29420 13 29440 232 29676 14 29696 250 29952 251 30208 251 30464 251 30720 215 30937 34 30976 214 31194 34 31232 208 31441 4 31446 1 31450 34 31488 208 31698 42 31744 209 31954 43 32000 214 32216 37 32256 253 32512 211 32724 41 32768 254 33024 254 33280 254 33536 254 33792 255 34048 255 34304 174 34479 10062 44542 255 44798 254 45054 254 45310 254 45566 253 45822 253 46078 253 46334 253 46590 253 46846 252 47102 214 47317 20 47340 14 47358 214 47576 17 47595 16 47614 215 47832 18 47852 16 47870 215 48087 6 48094 14 48110 14 48126 215 48344 4 48350 7 48359 7 48369 11 48382 212 48597 1 48601 3 48606 7 48614 2 48617 2 48621 2 48625 1 48627 9 48638 211 48853 1 48856 2 48859 1 48862 11 48880 12 48893 209 49104 1 49111 5 49118 6 49125 2 49129 1 49136 3 49140 218 49367 5 49375 9 49385 4 49390 5 49396 217 49618 2 49625 3 49629 15 49648 2 49651 215 49867 1 49875 2 49882 16 49899 1 49906 218 50126 1 50130 26 50162 218 50382 1 50385 4 50391 1 50394 4 50400 9 50410 2 50414 1 50419 213 50637 1 50639 3 50643 5 50650 12 50663 3 50670 1 50675 214 50892 3 50897 19 50919 3 50927 2 50930 215 51149 3 51153 20 51175 4 51180 479 51660 26 51687 6 51694 255 51950 3495 55448 255 55705 254 55961 254 56218 254 56475 254 56732 254 56989 253 57246 253 57503 253 57762 247 58010 3 58018 247 58266 3 58271 256 58528 5347 63876 245 64122 9 64134 244 64380 7 64390 4 64397 237 64641 3 64647 3 64656 235 64897 4 64903 4 64908 246 65155 6 65162 1 65164 3 65169 1 65171 3 65175 226 65408 2 65414 2 65421 2 65425 5 65433 4 65439 97
980103,0 491 492 465 958 44 1007 247 1261 245 1517 150 1668 53 1722 43 1770 151 1922 54 1977 47 2026 403 2431 52 2484 203 2688 51 2741 253 2995 1 2997 30 3028 221 3252 32 3285 219 3507 33 3541 219 3761 1 3763 778 4543 21 4567 230 4800 20 4823 230 5055 21 5079 230 5310 1 5312 20 5335 254 5591 251 5843 2 5846 251 6099 12 6112 242 6355 12 6369 241 6611 13 6625 172 6798 1832 8631 250 8883 3 8887 250 9138 1562 10702 254 10958 250 11209 3 11214 255 11470 255 11726 714 12441 52 12494 202 12697 52 12750 203 12955 50 13006 202 13211 253 13466 254 13722 38 13763 213 13978 36 14020 2 14026 1 14028 242 14272 1 14276 3 14280 251 14532 1 14534 1 14536 251 14788 1 14790 1 14792 1221 16014 55 16070 255 16327 254 16583 255 16839 768 17610 254 17868 253 18122 1 18124 3 18128 255 18384 2299 20684 505 21194 251 21450 2004 23455 256 23712 2093 25808 253 26062 1 26065 252 26318 1 26320 3508 29832 249 30084 1 30086 250 30338 1058 31397 220 31621 252 31877 2 31886 21 31908 220 32142 20 32163 221 32396 248 32650 251 32904 370 33276 253 33533 225 33759 26 33786 228 34016 22 34040 229 34270 1 34272 22 34296 251 34552 251 34804 763 35569 3832 39402 305 39708 255 39965 255 40221 250 40472 4 40477 194 40672 55 40729 3 40733 7 40743 184 40928 13 40942 39 40985 2 40989 7 40997 1 40999 183 41184 53 41241 2 41245 7 41254 184 41440 53 41498 249 41748 4 41753 216 41970 32 42004 254 42261 253 42515 11 42527 206 42734 1542 44277 1042 45320 511 45834 252 46090 253 46344 2044 48390 26 48418 226 48648 22 48675 226 48905 23 48931 226 49161 20 49183 1 49186 228 49418 17 49439 2 49443 228 49673 18 49695 2 49700 248 49951 1 49956 222 50179 27 50212 250 50469 242 50712 8 50725 242 50968 7 50978 1 50981 1 50983 237 51222 11 51238 238 51477 11 51493 251 51749 104 51855 28 51884 1 51886 116 52004 134 52139 2 52142 116 52260 137 52400 27 52429 190 52620 30 52653 28 52683 187 52873 1 52877 28 52908 29 52939 188 53130 61 53192 1 53195 187 53383 2 53388 59 53448 1 53450 188 53639 2 53644 253 53899 253 54156 251 54412 252 54666 1 54669 506 55176 254 55432 323 55756 1515 57272 251 57524 3 57529 250 57780 3 57785 249 58038 251 58294 251 58550 251 58802 3 58806 251 59058 34 59093 254 59349 222 59572 31 59605 253 59860 253 60114 254 60369 255 60625 493 61121 254 61379 254 61635 253 61891 248 62140 1 62142 253 62396 3140
830714,0 65536
246347,0 65536
274444,0 8533 8535 2 8538 251 8792 251 9044 1 9047 252 9304 250 9556 44210 53767 255 54024 254 54280 255 54536 254 54791 253 55046 254 55302 2048 57352 255 57608 253 57864 252 58118 250 58371 1 58374 251 58626 436 59065 253 59322 252 59576 520 60099 252 60354 251 60606 2 60610 250 60862 2 60866 67 60934 181 61118 70 61189 182 61374 251 61630 252 61885 1014 62900 254 63156 2380
187649,0 65536
584567,0 32914 32916 255 33172 32364
252446,0 682 683 255 940 251 1192 1 1196 251 1448 1 1452 252 1707 252 1962 252 2216 1 2218 252 2473 253 2728 510 3239 8196 11436 255 11693 253 11948 253 12202 1 12204 2910 15115 248 15364 3849 19214 253 19468 1 19470 7208 26680 255 26936 252 27192 6148 33341 6846 40188 1 40190 251 40444 1 40446 249 40704 2 40707 243 40963 1 40967 235 41216 1 41226 231 41472 2 41482 230 41728 2 41741 224 41985 1 41997 222 42240 3 42246 4 42251 224 42496 3 42503 226 42752 5 42758 226 43008 229 43264 3 43268 223 43520 1 43524 222 43782 217 44032 2 44040 213 44288 219 44544 218 44800 215 45056 213 45312 210 45568 208 45824 205 46080 203 46336 201 46592 198 46848 196 47104 194 47360 192 47616 189 47872 187 48128 184 48384 177 48564 1 48640 174 48816 1 48896 173 49152 171 49324 1 49408 171 49664 169 49920 168 50176 165 50432 159 50688 155 50944 154 51200 150 51456 148 51712 147 51968 144 52224 141 52480 139 52736 136 52992 134 53248 131 53504 130 53760 126 54016 125 54272 24 54297 98 54528 24 54554 96 54784 23 54808 96 55040 118 55296 115 55552 113 55808 111 56064 107 56320 103 56424 1 56576 100 56832 98 57088 96 57344 94 57600 91 57856 89 58112 87 58368 84 58624 82 58880 82 59136 77 59216 1 59392 75 59648 73 59904 71 60160 69 60416 68 60672 66 60928 61 60990 1 61184 58 61243 2 61440 58 61696 56 61952 54 62208 52 62464 49 62720 46 62976 46 63232 43 63276 1 63488 40 63744 37 64000 37 64256 36 64512 35 64768 34 65024 34 65280 34
447372,0 1154 1155 254 1411 254 1667 13748 15416 255 15672 8082 23755 253 24011 41525
000090, 
000024,0 129 168 9 206 36 251 134 424 9 462 35 507 134 681 7 719 33 764 132 976 32 1020 132 1233 2 1241 3 1246 18 1275 132 1503 2 1506 14 1521 1 1531 132 1759 18 1778 1 1786 133 2014 4 2019 15 2039 1 2041 134 2271 2 2274 1 2277 13 2295 136 2506 5 2533 15 2550 138 2760 8 2790 14 2805 139 3015 10 3046 154 3270 14 3302 154 3526 16 3558 157 3782 18 3814 159 4038 18 4070 161 4248 4 4295 18 4326 162 4503 6 4551 19 4582 163 4758 8 4808 18 4839 1 4841 160 5013 9 5064 18 5095 161 5269 10 5320 18 5352 160 5524 12 5576 19 5608 1 5612 155 5781 11 5833 18 5863 159 6037 12 6090 17 6120 157 6293 13 6346 17 6376 156 6550 12 6584 6 6603 16 6632 156 6806 13 6839 8 6859 16 6886 158 7061 15 7080 5 7095 9 7115 15 7141 158 7315 19 7335 7 7350 11 7371 14 7396 157 7569 30 7604 13 7627 13 7652 156 7824 31 7858 19 7883 12 7907 156 8079 55 8140 11 8162 132 8296 22 8334 57 8396 10 8418 132 8553 21 8589 59 8653 9 8674 132 8810 20 8844 61 8911 2 8930 131 9066 19 9099 62 9186 131 9322 18 9355 62 9442 130 9578 17 9610 64 9699 129 9835 15 9866 64 9957 126 10091 15 10122 64 10213 126 10348 13 10379 62 10469 127 10607 8 10635 62 10725 127 10890 64 10980 129 11146 65 11235 131 11401 67 11491 132 11656 68 11751 129 11911 70 12008 129 12167 70 12264 130 12397 6 12423 69 12521 139 12679 69 12778 139 12935 67 13036 137 13191 66 13293 136 13447 65 13549 136 13705 5 13712 55 13807 135 13968 55 14064 134 14224 54 14320 134 14480 35 14519 15 14577 134 14713 4 14736 35 14776 13 14834 141 14992 35 15032 13 15090 133 15224 8 15249 34 15288 12 15346 131 15481 8 15505 34 15545 11 15601 131 15737 8 15762 33 15801 11 15857 129 15994 8 16019 32 16058 11 16112 126 16251 8 16276 31 16314 11 16366 125 16510 5 16532 30 16571 10 16622 124 16767 4 16788 29 16827 10 16878 124 17024 3 17045 26 17084 9 17135 122 17302 23 17340 9 17392 119 17559 17 17597 7 17649 117 17816 15 17855 2 17907 103 18012 10 18072 14 18166 95 18269 10 18328 13 18425 90 18526 9 18584 13 18688 78 18783 9 18841 11 18882 1 18944 77 19040 8 19097 10 19135 6 19200 77 19297 7 19356 6 19390 8 19456 77 19555 5 19634 4 19646 9 19712 77 19813 2 19889 6 19901 10 19968 78 20144 8 20157 11 20224 78 20398 11 20411 13 20480 78 20640 3 20650 30 20736 78 20895 41 20992 78 21150 42 21248 78 21360 1 21406 42 21504 78 21616 3 21662 43 21760 78 21872 3 21901 6 21917 46 22016 78 22128 4 22156 10 22170 50 22272 78 22384 5 22411 66 22528 79 22640 6 22667 68 22784 79 22896 7 22924 68 23040 80 23152 8 23181 69 23296 80 23408 8 23439 68 23552 80 23664 9 23697 67 23808 80 23920 9 23955 65 24062 1 24064 80 24176 10 24213 63 24317 83 24432 11 24470 62 24573 83 24688 14 24730 14 24746 42 24829 83 24943 25 25003 42 25085 83 25199 26 25258 43 25341 83 25455 26 25514 43 25596 84 25711 26 25770 44 25852 83 25967 27 26026 44 26109 82 26223 26 26283 43 26365 81 26479 26 26539 42 26621 80 26735 26 26796 40 26877 79 26991 26 27052 39 27133 78 27246 28 27308 38 27388 60 27454 13 27493 4 27498 31 27564 36 27644 58 27711 13 27748 36 27819 35 27900 57 27967 15 28003 37 28074 34 28155 57 28223 17 28257 38 28329 32 28411 57 28478 19 28511 41 28585 31 28666 58 28734 20 28766 43 28840 32 28922 57 28989 22 29021 44 29096 32 29177 58 29245 22 29276 46 29352 32 29432 60 29500 24 29532 46 29608 32 29688 60 29755 25 29788 46 29864 32 29934 3 29944 60 30011 25 30044 46 30120 32 30188 72 30267 26 30300 46 30376 31 30444 72 30523 26 30556 46 30632 32 30699 73 30779 26 30812 46 30889 16 30912 8 30955 72 31035 26 31068 46 31146 14 31169 8 31210 72 31291 26 31324 46 31403 13 31425 9 31466 71 31548 25 31580 46 31660 11 31681 10 31722 70 31804 26 31839 42 31917 10 31937 10 31978 70 32061 25 32097 40 32174 9 32193 10 32234 71 32318 25 32354 39 32431 8 32450 8 32491 70 32574 26 32611 38 32688 6 32706 6 32747 71 32831 26 32872 33 32945 4 33003 71 33087 26 33129 32 33202 2 33260 71 33342 27 33385 31 33516 72 33599 26 33641 32 33773 72 33855 26 33897 32 33966 2 33969 5 34030 72 34112 25 34153 32 34220 10 34287 71 34371 22 34409 33 34476 11 34544 70 34629 21 34654 2 34665 33 34732 13 34748 1 34800 70 34886 28 34920 34 34988 22 35057 69 35142 28 35176 34 35244 23 35269 6 35313 69 35400 26 35432 34 35500 32 35570 67 35657 25 35688 34 35756 33 35826 67 35913 25 35943 19 35963 14 36013 32 36083 66 36169 25 36199 19 36220 12 36269 32 36340 65 36420 31 36455 19 36478 9 36526 31 36597 64 36676 31 36711 19 36735 6 36770 7 36783 30 36854 64 36931 32 36967 19 37026 8 37041 27 37114 2 37120 54 37188 32 37223 20 37278 1 37280 10 37305 19 37376 54 37444 32 37479 20 37531 16 37562 17 37632 55 37700 33 37735 20 37783 19 37819 15 37888 56 37950 5 37956 56 38036 22 38078 12 38144 58 38204 64 38291 22 38335 10 38400 124 38547 21 38592 9 38656 124 38799 24 38848 9 38912 124 39052 25 39104 11 39168 124 39307 25 39360 13 39424 124 39562 25 39616 15 39680 124 39818 25 39872 16 39936 125 40074 25 40126 20 40192 127 40328 27 40381 23 40448 132 40583 28 40636 24 40704 163 40885 32 40960 163 41140 34 41216 163 41395 36 41472 163 41650 37 41728 163 41906 39 41984 162 42162 40 42240 162 42418 40 42496 162 42676 38 42752 162 42934 36 43008 162 43191 15 43207 19 43264 162 43447 15 43463 19 43489 5 43520 71 43592 91 43704 12 43719 19 43744 7 43772 168 43960 8 43975 19 44000 7 44027 170 44217 6 44231 19 44256 8 44283 171 44474 4 44487 18 44511 9 44538 172 44743 18 44767 8 44794 172 45000 17 45023 8 45041 7 45050 173 45256 15 45279 8 45296 183 45513 8 45535 9 45551 185 45770 3 45792 8 45807 184 46048 9 46062 185 46305 11 46317 186 46561 199 46819 197 47076 197 47333 196 47590 196 47845 198 48100 199 48355 200 48610 201 48865 202 49121 202 49376 203 49632 203 49888 204 50144 205 50401 29 50432 176 50658 27 50688 180 50900 2 50915 25 50944 182 51156 6 51172 22 51200 183 51411 8 51430 20 51456 183 51668 8 51686 19 51712 184 51923 9 51943 18 51968 185 52179 10 52199 18 52224 186 52435 11 52455 18 52480 186 52691 12 52711 17 52736 128 52865 58 52947 14 52968 15 52992 127 53123 55 53202 17 53224 14 53248 126 53379 55 53457 19 53481 13 53504 125 53635 55 53712 20 53738 11 53760 125 53891 55 53967 22 53995 10 54016 124 54146 55 54223 22 54252 9 54272 123 54402 55 54479 22 54508 10 54528 123 54658 54 54735 21 54764 11 54784 124 54914 54 54991 21 55020 12 55040 124 55169 55 55247 20 55276 12 55296 124 55424 56 55502 20 55532 12 55552 124 55679 57 55758 19 55788 13 55808 124 55935 57 56013 20 56043 14 56064 124 56191 57 56269 22 56300 15 56318 1 56320 123 56447 56 56517 5 56524 24 56556 143 56704 54 56771 34 56812 142 56961 52 57027 35 57069 140 57218 49 57282 36 57326 139 57476 45 57537 37 57583 16 57600 120 57733 43 57794 36 57839 15 57856 120 57990 41 58050 36 58095 13 58112 119 58247 39 58306 36 58350 12 58368 118 58504 38 58562 37 58605 10 58624 117 58760 37 58819 36 58861 8 58880 109 59017 36 59074 39 59118 4 59136 108 59273 36 59329 40 59392 106 59530 34 59584 42 59648 106 59786 34 59839 43 59904 105 60043 32 60095 43 60160 104 60300 30 60350 44 60416 103 60557 28 60600 49 60672 103 60814 27 60855 50 60928 104 61071 26 61109 51 61184 105 61327 26 61357 57 61426 5 61440 105 61584 25 61611 58 61680 8 61696 106 61839 85 61936 9 61952 106 62095 85 62192 9 62208 106 62349 86 62448 10 62464 105 62584 2 62605 86 62704 10 62720 105 62839 4 62860 88 62960 10 62976 102 63094 8 63116 88 63216 10 63232 100 63350 9 63371 89 63472 12 63488 99 63605 11 63627 89 63728 13 63744 98 63861 12 63875 7 63883 90 63984 14 64000 98 64117 12 64130 100 64240 15 64256 98 64373 113 64496 14 64512 98 64629 74 64706 36 64752 14 64768 99 64884 23 64911 48 64961 38 65007 15 65024 99 65141 21 65169 46 65217 37 65264 14 65280 99 65396 22 65425 46 65472 38 65520 15
659565,0 65536
966384,0 8467 8468 709 9178 3332 12511 254 12767 254 13024 254 13279 12321 25601 255 25857 255 26113 255 26369 1 26372 255 26630 254 26886 252 27143 251 27398 255 27654 255 27910 9998 37909 17043 54953 10583
942725,0 36907 36908 256 37165 256 37422 255 37679 255 37935 9672 47608 510 48120 3560 51681 13615 65298 238
000048, 
269087,0 65536
874368,0 65536
000032,0 65536
000099,26 30 72 19 101 9 153 3 160 96 282 30 328 19 356 11 410 1 416 17 435 77 539 29 584 19 610 15 673 15 691 77 795 29 841 17 864 17 931 12 947 77 1051 29 1098 13 1116 22 1190 7 1204 76 1307 29 1354 12 1369 25 1428 6 1460 76 1562 29 1611 38 1682 9 1716 76 1818 15 1836 11 1868 3 1873 32 1937 11 1972 14 1987 1 1992 20 2016 32 2074 14 2093 10 2129 31 2192 13 2228 12 2249 18 2273 31 2330 13 2352 5 2385 32 2448 14 2484 10 2506 16 2529 31 2586 11 2640 33 2703 16 2741 8 2763 15 2787 29 2842 10 2895 35 2959 16 2997 7 3021 12 3044 28 3098 7 3151 35 3216 18 3255 3 3282 6 3300 28 3355 3 3408 35 3457 2 3473 18 3557 27 3663 37 3712 4 3730 18 3813 27 3919 37 3967 5 3987 17 4070 26 4174 39 4223 5 4243 17 4326 26 4429 42 4478 6 4500 16 4582 26 4685 43 4730 10 4756 16 4838 26 4918 2 4941 55 5012 15 5094 26 5173 5 5197 56 5268 13 5351 25 5428 7 5452 57 5524 11 5607 25 5683 10 5708 56 5780 10 5864 24 5938 11 5964 56 6035 11 6056 6 6121 23 6194 12 6221 54 6281 2 6284 4 6291 10 6311 9 6378 3 6385 15 6450 12 6478 54 6536 21 6566 12 6581 5 6606 2 6643 13 6706 11 6734 55 6792 20 6822 21 6861 6 6901 11 6962 10 6991 55 7047 21 7078 22 7116 9 7157 11 7219 7 7248 75 7333 23 7372 10 7413 11 7476 2 7505 32 7542 37 7589 24 7628 10 7670 10 7762 26 7805 29 7845 24 7884 10 7926 10 8019 24 8062 28 8101 24 8140 10 8182 10 8275 23 8319 19 8340 7 8352 29 8396 10 8438 10 8532 21 8576 17 8598 39 8652 10 8694 10 8788 18 8832 16 8854 38 8908 8 8950 10 9044 12 9088 16 9111 36 9165 6 9199 17 9301 10 9344 15 9366 35 9422 4 9452 20 9550 1 9557 10 9600 13 9622 33 9678 3 9708 19 9728 2 9731 1 9734 1 9804 5 9814 9 9855 11 9878 33 9933 4 9964 18 9984 9 10059 7 10070 9 10111 9 10134 33 10188 6 10204 2 10220 17 10240 9 10315 8 10326 10 10367 9 10390 33 10444 7 10459 8 10471 21 10496 10 10570 10 10582 12 10610 5 10623 9 10646 33 10692 1 10699 9 10716 30 10752 10 10826 25 10861 10 10878 10 10902 33 10946 5 10955 10 10972 4 10979 23 11008 10 11082 26 11116 12 11134 10 11159 32 11201 20 11235 23 11264 9 11338 47 11389 11 11415 32 11457 21 11491 23 11520 8 11594 47 11645 11 11671 32 11712 23 11746 24 11776 7 11851 46 11900 13 11926 33 11968 23 12002 24 12032 6 12107 64 12182 32 12224 27 12258 24 12288 5 12365 66 12437 33 12480 28 12513 25 12544 4 12626 30 12664 24 12693 33 12735 29 12769 24 12800 4 12884 27 12920 24 12948 35 12991 29 13025 24 13056 4 13141 25 13176 25 13203 39 13246 30 13280 24 13312 4 13398 24 13432 25 13459 73 13536 24 13568 4 13655 23 13688 99 13792 24 13824 4 13868 3 13912 22 13945 98 14049 22 14080 4 14123 5 14171 19 14202 97 14305 22 14336 4 14379 6 14428 19 14459 8 14471 84 14562 20 14592 4 14635 7 14686 18 14716 6 14727 83 14818 20 14848 3 14890 9 14943 17 14973 3 14983 83 15074 20 15104 2 15146 10 15200 16 15240 64 15308 13 15331 19 15401 12 15458 11 15470 1 15496 59 15565 11 15587 18 15657 12 15714 9 15751 58 15822 7 15843 18 15912 14 15971 7 16007 56 16099 17 16168 14 16228 5 16263 56 16355 17 16424 15 16519 11 16536 37 16612 15 16681 14 16775 10 16793 34 16867 17 16938 13 17031 9 17049 32 17123 19 17194 13 17287 7 17305 28 17378 21 17450 13 17544 5 17562 26 17624 2 17633 23 17668 4 17705 14 17800 4 17819 25 17878 7 17888 24 17923 6 17960 15 18077 23 18132 37 18178 9 18215 15 18334 21 18385 40 18433 10 18470 16 18590 20 18638 43 18688 12 18705 5 18726 15 18796 6 18846 18 18893 45 18944 13 18959 8 18982 15 19052 9 19102 18 19126 4 19148 46 19200 26 19238 15 19307 13 19359 18 19381 5 19403 47 19456 27 19494 14 19562 17 19616 16 19638 4 19659 47 19712 28 19750 14 19817 19 19873 16 19894 3 19915 47 19968 28 20007 12 20073 20 20130 15 20171 47 20224 28 20264 8 20327 23 20387 14 20426 48 20480 30 20521 6 20580 27 20644 14 20682 46 20736 32 20777 6 20797 2 20835 28 20900 14 20938 42 20992 33 21034 7 21052 4 21091 29 21157 13 21194 42 21248 33 21290 9 21307 6 21346 31 21414 12 21449 34 21485 6 21504 33 21546 10 21563 7 21601 33 21671 11 21705 33 21743 3 21760 34 21802 25 21838 4 21856 36 21928 9 21961 32 22016 34 22058 27 22092 7 22111 37 22186 6 22217 14 22235 9 22272 34 22314 42 22366 39 22443 4 22473 13 22528 34 22569 44 22616 46 22730 10 22784 35 22820 3 22824 95 22988 8 23040 136 23296 136 23552 136 23808 135 24064 135 24320 135 24468 6 24576 68 24646 64 24721 10 24832 67 24903 64 24975 13 25088 67 25159 64 25230 15 25344 66 25416 62 25486 15 25600 64 25673 61 25742 15 25856 60 25929 60 25999 14 26112 59 26185 60 26255 14 26368 58 26442 58 26512 13 26624 57 26698 58 26768 12 26881 54 26954 59 27026 9 27138 52 27212 57 27395 50 27471 54 27654 47 27728 53 27915 41 27984 53 28173 39 28240 53 28431 38 28496 53 28688 37 28753 52 28945 36 29009 52 29202 36 29267 50 29361 6 29458 36 29524 49 29616 8 29715 34 29781 48 29871 10 29971 34 30036 48 30126 11 30228 33 30289 50 30382 12 30485 32 30544 49 30638 13 30743 29 30800 48 30894 14 30999 29 31055 48 31149 15 31256 28 31311 36 31350 8 31405 15 31513 26 31567 34 31607 6 31660 17 31747 1 31771 23 31822 26 31916 18 32000 5 32028 21 32078 24 32172 19 32256 6 32285 9 32296 8 32334 24 32427 21 32460 3 32479 6 32512 6 32543 5 32556 1 32590 24 32683 21 32711 10 32733 9 32768 6 32846 24 32938 22 32966 33 33024 6 33102 24 33193 23 33221 34 33280 5 33358 23 33448 24 33477 35 33536 4 33614 22 33703 25 33732 37 33840 3 33870 21 33958 27 33987 46 34090 12 34125 24 34150 6 34214 76 34344 15 34381 33 34470 76 34600 17 34638 33 34726 77 34853 21 34894 34 34983 76 35106 25 35151 34 35240 75 35360 27 35396 3 35408 33 35497 73 35614 29 35650 7 35666 32 35754 71 35869 30 35905 8 35923 32 36010 69 36124 31 36160 10 36179 33 36266 68 36379 33 36415 11 36436 33 36522 68 36634 48 36692 33 36779 67 36889 49 36948 33 37035 67 37145 49 37204 33 37292 66 37401 51 37453 3 37460 33 37548 66 37657 56 37716 33 37806 64 37913 56 37973 11 37987 17 38065 61 38169 57 38229 7 38243 17 38322 60 38425 57 38487 3 38500 14 38579 59 38681 58 38756 13 38836 58 38937 58 39013 11 39093 6 39101 49 39193 59 39270 3 39276 3 39357 49 39449 59 39613 49 39705 59 39870 48 39945 10 39961 58 40126 49 40194 3 40199 13 40216 59 40382 52 40436 9 40448 20 40472 57 40638 86 40728 55 40840 2 40894 86 40984 55 41089 13 41150 86 41241 53 41344 15 41406 86 41499 51 41599 17 41661 88 41755 50 41854 18 41917 88 42013 46 42109 19 42173 89 42271 43 42364 21 42429 67 42497 21 42528 30 42559 9 42618 23 42686 42 42732 20 42754 20 42784 28 42816 7 42870 27 42942 41 42990 18 43010 20 43040 27 43073 6 43124 29 43199 39 43246 18 43266 20 43296 26 43330 3 43378 31 43457 37 43503 17 43522 20 43553 22 43633 31 43716 2 43721 28 43759 17 43778 20 43809 19 43885 35 43983 22 44015 17 44034 21 44067 12 44138 38 44240 21 44270 18 44290 24 44324 10 44387 45 44496 20 44525 46 44581 9 44641 47 44753 18 44780 48 44838 7 44896 49 45009 17 45035 49 45096 4 45151 52 45266 13 45291 49 45407 53 45523 10 45547 49 45662 58 45780 6 45803 49 45916 63 46058 49 46170 66 46314 48 46425 67 46541 3 46569 49 46681 67 46795 6 46825 49 46936 68 47051 7 47081 49 47156 2 47191 68 47306 8 47337 48 47412 3 47446 69 47562 8 47592 49 47668 3 47701 70 47818 8 47848 48 47946 3 47957 70 48075 6 48103 49 48202 3 48212 72 48332 4 48358 50 48458 3 48468 72 48614 50 48708 9 48723 74 48870 51 48945 6 48961 13 48978 75 49125 52 49194 14 49215 94 49381 51 49440 2 49448 17 49470 96 49637 51 49695 4 49703 20 49725 97 49893 51 49952 3 49958 121 50149 50 50214 122 50405 49 50470 123 50661 48 50726 124 50917 46 50982 124 51174 45 51237 126 51430 45 51493 127 51687 45 51749 129 51944 10 51959 29 52005 131 52201 7 52216 28 52262 131 52432 5 52472 29 52518 131 52685 10 52729 28 52774 131 52940 13 52986 28 53029 132 53195 16 53246 1 53248 22 53284 134 53451 18 53504 23 53540 135 53701 3 53706 20 53760 23 53795 137 53955 28 54016 24 54051 139 54210 29 54272 24 54307 141 54466 29 54528 24 54563 143 54722 29 54784 24 54818 145 54978 29 55040 24 55073 147 55235 28 55296 23 55328 149 55491 29 55552 23 55585 149 55748 28 55808 1 55810 21 55841 151 56004 28 56038 2 56066 20 56097 152 56260 29 56292 7 56324 18 56352 154 56517 28 56547 10 56588 9 56608 155 56774 41 56818 2 56845 7 56864 156 57031 47 57102 5 57120 157 57289 46 57376 165 57547 47 57632 167 57809 44 57888 168 58067 13 58082 29 58145 168 58325 3 58331 4 58339 29 58401 168 58588 3 58596 28 58657 167 58844 2 58851 29 58901 5 58912 168 59093 3 59100 5 59106 30 59156 7 59165 171 59348 5 59356 36 59411 181 59604 5 59612 36 59666 182 59860 5 59868 36 59922 181 60116 5 60124 36 60178 181 60372 5 60380 36 60435 87 60532 83 60628 5 60635 37 60691 82 60789 81 60884 44 60948 80 61045 1 61047 1 61049 76 61139 45 61205 78 61295 6 61304 67 61374 6 61395 45 61461 78 61548 10 61561 66 61651 45 61717 78 61800 16 61817 65 61906 46 61974 77 62052 20 62074 63 62162 46 62230 162 62418 46 62486 162 62674 46 62742 11 62756 50 62808 96 62930 46 62999 9 63021 39 63066 32 63099 61 63185 47 63258 4 63278 38 63323 32 63356 61 63440 48 63535 35 63582 92 63696 48 63792 32 63838 93 63952 48 64049 7 64060 16 64094 93 64208 48 64316 16 64350 93 64464 48 64572 15 64605 94 64721 47 64828 14 64860 29 64895 59 64976 48 65085 13 65116 27 65153 56 65232 48 65341 13 65372 26 65409 56 65488 48
126135,0 65536
000073,0 65536
398477, 
435772,0 2741 2743 749 3493 2 3496 3311 6810 254 7068 253 7322 355 7678 2688 10368 254 10624 252 10880 254 11135 521 11660 250 11918 240 12160 2 12163 3 12174 248 12423 4 12429 247 12677 1634 14316 1688 16005 24 16033 225 16261 1 16263 21 16289 228 16518 24 16544 230 16775 24 16800 232 17033 1797 18834 252 19090 399 19492 1718 21213 251 21469 13531 35001 254 35256 173 35431 82 35515 168 35684 86 35771 421 36193 254 36451 252 36707 150 36862 97 36963 69 37034 75 37120 94 37219 67 37287 77 37375 96 37475 66 37544 74 37619 1 37623 2 37628 1 37630 1 37632 95 37731 66 37800 87 37888 95 37986 157 38144 95 38243 252 38499 253 38754 3 38759 250 39010 254 39266 6 39273 135 39409 112 39523 5 39530 132 39665 113 39779 3 39783 134 39923 114 40040 131 40179 7 40190 102 40296 2 40300 1 40302 126 40429 3 40434 7 40446 100 40553 1 40555 2 40558 130 40689 113 40810 249 41069 245 41325 245 41583 243 41839 243 42094 124 42220 118 42348 1 42350 125 42476 2 42479 115 42599 2 42603 131 42735 117 42854 2 42858 132 42991 121 43113 17583 60698 253 60954 253 61210 254 61466 1537 63004 251 63260 252 63516 253 63771 254 64026 1510
000021,0 78 87 9 256 62 322 12 343 9 512 62 578 12 599 10 768 61 835 11 855 9 1024 60 1091 12 1111 9 1280 60 1348 11 1367 9 1536 59 1606 8 1623 8 1792 59 1879 8 2048 58 2134 9 2304 58 2388 11 2560 56 2643 11 2816 55 2898 12 3072 53 3154 12 3328 50 3409 11 3584 41 3665 7 3840 40 3922 4 4096 40 4352 40 4608 40 4864 39 5120 26 5149 10 5376 25 5406 8 5632 24 5662 8 5888 22 5918 6 6144 20 6174 5 6400 19 6430 4 6656 18 6686 3 6912 18 7168 17 7424 16 7680 16 7936 16 8192 16 8448 16 8704 17 8960 17 9216 17 9472 17 9728 17 9984 16 10240 16 10496 16 10752 16 11008 15 11264 14 11520 14 11776 13 12032 11 12288 7 12544 5 17256 6 17507 11 17760 15 18013 18 18268 19 18293 2 18523 22 18546 7 18771 4 18778 32 19025 41 19281 41 19537 42 19792 43 20047 45 20302 47 20557 49 20812 51 21067 53 21322 54 21578 55 21833 56 22089 56 22344 57 22600 58 22855 59 23111 59 23367 60 23622 61 23877 64 24132 67 24387 69 24643 70 24899 70 25156 69 25412 70 25668 70 25924 70 26181 69 26437 69 26693 69 26949 69 27205 18 27225 49 27460 18 27481 49 27716 10 27729 3 27737 49 27973 8 27984 4 27992 50 28229 7 28239 6 28248 49 28487 2 28495 6 28503 50 28750 58 29006 58 29262 58 29518 57 29774 57 30030 56 30286 55 30541 55 30797 53 31053 51 31309 51 31565 8 31574 41 31822 5 31831 39 32087 38 32343 31 32600 30 32856 29 33113 6 33121 19 33379 16 33635 15 33892 11 34148 6 34404 5 48884 5 49137 8 49393 9 49649 9 49889 5 49905 8 50137 4 50143 8 50161 8 50391 16 50417 8 50645 18 50672 8 50900 19 50928 7 51156 19 51184 6 51411 19 51441 5 51667 18 51698 4 51709 3 51923 16 51956 3 51962 6 52179 5 52187 6 52211 4 52216 8 52434 6 52444 4 52450 1 52466 14 52690 6 52703 5 52721 15 52946 5 52958 7 52976 16 53203 3 53214 8 53231 17 53465 13 53487 17 53720 14 53743 17 53976 14 54000 16 54232 14 54256 16 54488 13 54513 15 54743 13 54772 12 54999 12 55029 11 55255 11 55285 11 55511 10 55541 11 55766 10 55797 11 56022 9 56053 11 56279 7 56309 11 56536 5 56565 11 56821 11 57078 10 57335 9 57592 8 57848 8 58104 8 58360 6 58367 1 58615 6 58872 8 59128 8 59387 5 59644 4 59901 3 60157 3 60412 4 60668 4 60924 4 61180 4 61436 4 61692 4 61947 5 62203 5 62459 5 62715 5 62971 5 63228 4
391427,0 16726 16728 255 16985 4013 20999 254 21255 510 21766 4302 26070 439 26511 258 26770 253 27026 10906 37933 255 38191 254 38447 3 38451 253 38707 254 38964 250 39215 3 39219 42 39264 206 39471 45 39520 123 39644 41 39687 85 39776 119 39896 3 39901 2 39904 38 39943 84 40032 121 40154 2 40160 38 40199 38 40238 46 40288 121 40410 3 40416 38 40455 85 40544 120 40665 1 40667 2 40672 1 40674 36 40711 85 40801 129 40931 77 41009 44 41055 137 41194 70 41266 41 41313 126 41440 8 41451 114 41569 1381 42952 2 42957 253 43217 248 43474 2 43477 238 43734 241 43989 248 44246 246 44501 240 44742 5 44756 243 45000 1 45011 246 45259 1 45266 248 45518 2 45522 248 45773 761 46535 254 46791 3642 50435 1 50438 250 50689 3 50693 1052 51747 238 51986 14 52002 239 52243 255 52500 12 52513 228 52742 13 52757 10 52769 228 52998 14 53013 7 53021 3 53026 227 53255 22 53278 3 53282 227 53510 22 53535 254 53791 9665 63457 1 63460 248 63717 4 63722 1 63725 239 63973 4 63980 240 64225 2 64229 2 64236 241 64480 6 64490 242 64734 8 64744 254 64999 324 65324 212
675111,0 173 256 174 512 174 768 174 1024 174 1280 175 1536 175 1792 175 2048 175 2304 175 2560 176 2816 176 3072 176 3328 174 3503 1 3584 173 3759 1 3840 177 4096 174 4271 2 4352 174 4527 2 4608 174 4783 2 4864 177 5120 178 5376 178 5632 178 5888 179 6144 179 6400 179 6656 179 6912 180 7168 180 7424 180 7680 180 7936 178 8115 1 8192 177 8371 2 8448 178 8627 2 8704 178 8884 1 8960 178 9140 1 9216 178 9396 2 9472 182 9728 182 9984 182 10240 182 10496 182 10752 183 11008 183 11264 183 11520 183 11776 183 12032 184 12288 184 12544 184 12800 184 13056 185 13312 185 13568 185 13824 186 14080 186 14336 186 14592 186 14848 186 15104 187 15360 187 15616 187 15872 187 16128 188 16384 188 16640 188 16896 188 17152 188 17408 186 17595 1 17664 185 17851 2 17920 186 18107 2 18176 186 18364 1 18432 186 18688 186 18875 2 18944 187 19200 187 19388 2 19456 187 19644 2 19712 187 19901 1 19968 187 20157 1 20224 188 20413 2 20480 188 20670 1 20736 188 20926 1 20992 191 21248 189 21438 1 21504 189 21694 2 21760 192 22016 189 22207 1 22272 189 22464 1 22528 189 22720 1 22784 189 22976 1 23040 190 23232 1 23296 190 23487 3 23552 194 23808 194 24064 194 24320 194 24576 195 24832 195 25088 195 25344 195 25600 196 25856 196 26112 196 26368 196 26624 196 26880 197 27136 197 27392 197 27648 197 27904 198 28160 198 28416 198 28672 198 28928 199 29184 199 29440 199 29696 199 29952 200 30208 200 30464 200 30720 200 30976 200 31232 201 31488 201 31744 201 32000 201 32256 202 32512 202 32768 202 33024 202 33280 202 33536 202 33792 202 34048 203 34304 200 34505 2 34560 200 34762 1 34816 200 35018 2 35072 200 35273 3 35328 204 35584 204 35840 204 36096 205 36352 205 36608 205 36864 205 37120 206 37376 206 37632 206 37888 206 38144 206 38400 207 38656 207 38912 207 39168 208 39424 208 39680 208 39936 208 40192 208 40448 208 40704 208 40960 209 41216 209 41472 209 41728 210 41984 210 42240 210 42496 210 42752 210 43008 210 43264 207 43473 2 43520 211 43776 211 44032 208 44241 2 44288 208 44497 2 44544 212 44800 209 45010 2 45056 212 45312 210 45523 1 45568 209 45779 1 45824 212 46080 210 46291 2 46336 210 46547 2 46592 213 46848 211 47060 1 47104 211 47316 1 47360 211 47572 2 47616 211 47829 1 47872 211 48085 1 48128 212 48341 2 48384 212 48598 1 48640 212 48854 1 48896 212 49109 2 49152 215 49408 213 49622 2 49664 216 49920 213 50135 1 50176 213 50391 1 50432 213 50647 2 50688 214 50904 1 50944 214 51159 2 51200 217 51456 217 51712 218 51968 218 52224 215 52441 1 52480 215 52697 2 52736 215 52953 2 52992 216 53210 1 53248 216 53504 216 53722 1 53760 217 54016 217 54235 1 54272 217 54490 2 54528 217 54747 1 54784 217 55003 2 55040 221 55296 221 55552 221 55808 221 56064 221 56320 222 56576 222 56832 222 57088 223 57344 223 57600 223 57856 223 58112 224 58368 224 58624 224 58880 224 59136 224 59392 225 59648 225 59904 225 60160 225 60416 226 60672 226 60928 226 61184 226 61440 226 61696 227 61952 227 62208 227 62464 227 62720 228 62976 228 63232 228 63488 228 63744 228 64000 228 64256 229 64512 229 64768 226 64995 2 65024 229 65280 230
719371,0 193 195 231 427 9 437 13 452 2 456 154 611 92 704 3 709 161 872 66 941 3 949 9 961 2 967 144 1113 1 1115 12 1128 66 1196 2 1205 2 1208 4 1213 1 1218 1 1224 143 1369 10 1380 70 1453 1 1461 9 1473 2 1478 145 1626 2 1629 2 1632 3 1636 11 1649 58 1710 1 1714 1 1716 11 1729 146 1884 4 1889 1 1891 13 1907 3 1911 52 1967 1 1970 1 1972 155 2129 2 2140 18 2159 1 2163 2 2168 52 2223 2 2227 156 2385 1 2396 17 2420 1 2424 52 2479 160 2650 4 2655 13 2675 3 2681 51 2735 159 2905 3 2909 17 2932 2 2937 212 3158 26 3185 1 3189 2 3193 212 3408 1 3411 26 3438 2 3446 249 3696 2 3701 254 3957 60 4018 4 4023 250 4274 512 4787 539 5329 155 5486 3 5491 89 5581 1 5586 154 5749 84 5838 1 5842 154 6005 82 6094 1 6098 154 6258 1 6260 75 6342 2 6354 155 6514 77 6595 2 6599 2 6607 158 6769 79 6855 2 6858 2 6865 157 7024 80 7107 2 7110 9 7121 241 7363 13 7377 506 7886 252 8139 2 8142 253 8396 249 8646 4 8652 255 8908 12739 21649 254 21906 250 22158 2 22163 249 22414 2 22419 249 22671 2 22674 507 23184 254 23440 508 23950 253 24206 253 24462 253 24717 254 24973 19064 44038 255 44295 3330 47626 255 47883 251 48135 3 48139 251 48391 255 48647 256 48904 272 49177 256 49435 249 49686 4 49692 248 49942 255 50198 245 50444 9 50454 508 50963 255 51220 254 51476 2 51479 248 51732 2 51736 246 51989 2 51994 244 52240 4 52246 1 52248 2 52251 245 52497 4 52504 254 52759 3220 55981 254 56237 251 56489 1 56494 238 56733 13 56751 237 56989 17 57007 771 57779 1144 58924 123 59048 129 59179 252 59432 1 59435 252 59692 250 59944 249 60194 4 60202 248 60451 2 60458 250 60714 27 60743 221 60970 28 60999 224 61224 1 61226 373 61600 255 61858 251 62115 1 62117 247 62372 247 62629 164 62796 78 62875 2 62885 160 63053 79 63133 1 63140 1 63142 162 63310 79 63393 170 63566 79 63649 1 63651 164 63817 3 63822 79 63902 2 63908 169 64079 78 64159 1 64161 11 64173 157 64332 2 64337 78 64416 13 64431 4 64436 150 64588 78 64670 16 64688 154 64844 692
136374,0 37210 37211 1 37213 253 37469 1 37471 253 37729 248 37978 2 37982 4 37987 246 38235 1 38239 2 38242 245 38490 2 38498 245 38746 2 38752 249 39003 2 39008 251 39260 2 39264 255 39520 20470 59991 3 59995 252 60248 255 60504 1 60508 232 60742 18 60765 232 60998 18 61019 257 61277 252 61530 255 61786 1 61788 2792 64581 255 64837 510 65350 186
158770,0 65536
905849,0 65536
126000,0 65536
474754,0 65536
000030,0 65536
232617,0 15481 15483 253 15739 250 15991 1 15996 248 16246 1 16253 245 16501 2 16509 244 16757 1 16766 241 17008 1 17012 1 17022 242 17268 1 17278 242 17523 1 17534 242 17791 246 18047 247 18300 251 18552 2 18555 10937 29495 31149 60645 251 60898 3 60902 250 61154 256 61411 4125
737692,0 65536
000094,0 65536
487629,0 309 311 254 571 248 828 248 1084 242 1328 1 1340 242 1587 1 1598 240 1853 241 2109 241 2366 241 2622 241 2878 241 3134 241 3391 240 3646 241 3890 2 3902 248 4158 248 4414 248 4667 1 4670 254 4926 483 5414 251 5670 250 5928 248 6184 248 6440 248 6696 248 6951 250 7206 253 7460 3380 10841 254 11096 255 11353 2 11356 251 11609 6 11617 241 11859 4 11864 6 11872 242 12116 1 12120 2 12124 1 12128 244 12376 1 12379 245 12626 1 12634 1 12636 243 12882 1 12890 1 12892 243 13138 1 13148 245 13397 1 13404 241 13646 1 13659 240 13900 1 13914 240 14156 2 14167 1 14170 1 14172 241 14425 243 14681 242 14937 242 15193 242 15448 242 15705 240 15961 240 16217 240 16473 241 16726 244 16982 244 17239 242 17493 244 17748 23 17772 222 17998 1 18003 247 18253 253 18509 5 18516 243 18760 3 18766 4 18773 241 19018 1 19023 248 19279 248 19536 247 19793 247 20049 247 20305 247 20561 3 20565 241 20821 241 21076 240 21328 1 21332 241 21584 248 21840 246 22087 1 22092 1 22097 244 22353 244 22599 1 22610 243 22854 2 22857 1 22861 250 23113 2 23116 252 23372 244 23617 7 23628 1 23632 242 23876 4 23884 1 23886 2 23889 248 24138 1 24140 3 24147 248 24403 248 24652 2 24659 248 24908 2 24915 248 25164 1 25171 248 25428 247 25685 245 25941 246 26199 244 26452 1 26455 243 26709 244 26965 244 27221 241 27477 243 27734 243 27990 244 28245 246 28493 6 28500 248 28751 1010 29763 254 30018 255 30274 247 30525 2 30528 2 30531 247 30780 2 30785 249 31036 2 31039 249 31294 248 31550 250 31806 1 31808 247 32062 248 32320 247 32577 245 32833 247 33091 239 33331 4 33347 241 33591 2 33603 237 33841 1 33859 237 34116 233 34369 2 34374 231 34624 1 34629 232 34886 231 35123 2 35139 236 35376 7 35393 4 35398 1 35401 228 35631 7 35659 227 35887 6 35915 2 35918 224 36144 5 36169 1 36171 227 36401 4 36432 222 36657 4 36686 225 36915 2 36942 225 37198 226 37454 225 37698 1 37712 223 37968 224 38223 225 38481 223 38737 1 38739 221 38995 221 39247 1 39251 221 39503 1 39509 4 39514 214 39771 214 40021 1 40027 214 40285 212 40540 214 40795 217 41054 216 41280 2 41311 229 41568 5 41574 222 41825 2 41828 1 41830 222 42080 5 42086 221 42337 4 42342 221 42593 1 42598 221 42849 226 43106 226 43366 7 43375 214 43617 1 43623 5 43631 209 43841 2 43844 1 43871 3 43881 2 43886 212 44128 2 44138 4 44143 1 44146 207 44394 215 44650 215 44907 215 45163 3 45167 211 45422 212 45677 213 45932 215 46187 217 46443 217 46698 218 46954 219 47213 216 47469 216 47726 215 47983 214 48238 215 48495 80 48578 132 48750 82 48834 132 49007 81 49089 133 49263 80 49344 135 49520 215 49772 219 50028 220 50284 221 50541 221 50795 224 51050 226 51308 225 51564 225 51794 2 51820 226 52050 3 52075 227 52306 3 52331 228 52564 2 52587 229 52820 2 52843 236 53099 237 53355 237 53612 238 53851 3 53868 244 54122 248 54377 249 54632 251 54887 253 55143 254 55398 38 55438 210 55649 43 55694 210 55906 41 55949 253 56205 506 56714 253 56970 211 57182 634 57817 131 57949 41 57991 210 58202 1 58205 250 58462 249 58719 247 58974 42 59017 204 59226 2 59230 41 59273 210 59486 40 59531 205 59738 44 59784 1 59787 205 59995 43 60040 2 60044 206 60251 42 60296 253 60551 208 60760 256 61017 1640 62658 255 62916 252 63172 252 63428 252 63684 252 63939 252 64195 252 64448 1 64451 252 64707 250 64958 2 64962 253 65217 137 65356 113 65474 36 65513 23
417960,0 65536
000056,0 65536
227391,0 65536
403524,0 65536
000089,0 18 65 6 86 51 230 44 322 6 342 50 486 46 578 7 599 50 657 3 743 47 817 2 834 8 854 51 912 6 999 54 1071 29 1109 53 1163 3 1167 9 1255 55 1326 31 1364 69 1511 57 1582 32 1619 70 1767 58 1837 35 1874 72 2024 58 2092 110 2280 59 2348 111 2536 59 2604 111 2792 59 2859 113 3048 58 3115 113 3303 58 3371 113 3559 57 3627 114 3815 57 3883 114 4070 58 4138 115 4326 59 4394 115 4580 62 4650 115 4834 65 4906 115 5090 67 5162 116 5346 69 5418 116 5602 189 5858 193 6114 195 6370 195 6624 197 6879 198 7135 194 7391 194 7646 195 7901 197 8157 197 8412 199 8668 199 8924 198 9179 191 9373 5 9435 190 9630 3 9691 30 9722 157 9947 26 9980 152 10202 25 10237 150 10458 24 10493 150 10713 25 10748 151 10969 24 11004 151 11224 24 11259 152 11480 25 11515 152 11736 26 11770 152 11992 28 12026 151 12248 30 12282 145 12428 3 12505 29 12539 143 12762 29 12795 142 13020 28 13051 138 13193 4 13239 4 13276 28 13306 134 13449 5 13493 9 13507 5 13533 44 13581 114 13704 7 13748 11 13761 9 13791 41 13840 109 13960 8 14004 24 14049 39 14098 106 14216 8 14260 26 14306 36 14354 104 14472 8 14516 27 14563 29 14611 102 14728 8 14772 27 14822 26 14866 29 14897 71 14985 8 15005 5 15028 36 15079 25 15123 10 15141 9 15154 46 15204 19 15241 7 15260 7 15283 38 15324 1 15336 24 15379 9 15398 8 15411 43 15462 14 15498 6 15516 8 15537 40 15597 19 15635 8 15655 6 15667 42 15719 10 15756 3 15772 8 15792 42 15853 19 15892 6 15912 4 15922 42 15976 8 16028 7 16047 44 16110 18 16149 4 16178 41 16232 8 16285 5 16303 47 16366 18 16434 40 16488 8 16559 48 16622 18 16690 39 16744 8 16815 49 16878 18 16947 38 17000 8 17071 50 17135 17 17204 37 17255 9 17328 50 17391 17 17462 35 17512 8 17585 50 17649 15 17718 35 17768 7 17842 49 17907 13 17973 35 18024 7 18099 48 18164 12 18228 37 18281 6 18294 3 18356 47 18420 12 18483 39 18549 6 18613 45 18676 12 18739 40 18804 7 18869 45 18932 12 18994 42 19060 8 19125 43 19188 12 19250 42 19315 9 19381 42 19444 12 19506 42 19571 9 19637 41 19701 11 19762 42 19827 8 19893 41 19957 10 20018 42 20083 8 20149 40 20215 7 20274 41 20338 10 20406 38 20530 38 20594 10 20662 30 20695 2 20786 28 20850 10 20919 28 21002 6 21042 28 21106 10 21175 29 21246 1 21256 9 21298 27 21362 10 21432 29 21502 2 21512 9 21554 27 21618 9 21689 30 21757 3 21768 10 21808 29 21876 6 21945 32 22012 4 22024 11 22064 28 22196 38 22268 4 22280 12 22320 18 22341 6 22451 40 22522 6 22536 12 22583 7 22599 2 22704 43 22777 7 22791 14 22956 48 23033 7 23047 27 23211 49 23288 8 23303 28 23467 49 23544 8 23558 30 23722 49 23799 9 23814 30 23978 49 24055 9 24070 30 24234 49 24310 10 24327 29 24489 51 24566 10 24583 28 24745 51 24822 10 24839 28 24990 1 25000 52 25076 12 25095 28 25244 65 25330 14 25351 28 25499 67 25584 16 25608 27 25754 69 25839 17 25864 27 26010 69 26095 17 26120 27 26266 69 26351 17 26378 26 26523 68 26608 16 26631 3 26635 25 26761 1 26779 68 26864 16 26886 4 26891 25 27016 5 27034 69 27121 15 27142 30 27271 7 27290 69 27378 14 27398 30 27526 10 27544 71 27635 13 27654 4 27660 24 27781 12 27796 75 27892 12 27910 3 27916 23 27974 3 28036 91 28154 6 28172 23 28229 5 28291 92 28410 6 28428 23 28483 8 28547 91 28667 5 28684 23 28739 9 28802 92 28924 4 28941 22 28994 11 29058 92 29180 4 29197 22 29250 11 29313 93 29436 4 29454 20 29506 12 29569 92 29692 4 29710 20 29762 12 29825 91 29948 4 29968 17 30018 12 30081 90 30204 4 30226 14 30274 11 30337 89 30460 4 30488 6 30530 11 30585 4 30590 90 30716 4 30745 2 30787 9 30840 96 30972 4 31046 6 31094 98 31229 3 31348 100 31486 2 31603 101 31858 102 32113 103 32369 103 32624 103 32879 104 33135 104 33391 104 33647 103 33883 4 33904 102 34138 7 34160 102 34393 10 34415 102 34648 13 34665 3 34671 102 34903 125 35158 124 35412 124 35667 124 35922 125 36177 126 36433 126 36689 126 36945 127 37201 127 37456 127 37713 126 37969 111 38085 3 38225 110 38480 110 38736 108 38991 108 39246 88 39338 16 39501 86 39595 14 39756 87 39852 12 40009 90 40110 9 40264 91 40367 6 40519 91 40775 91 41030 92 41285 92 41541 92 41797 91 42050 94 42304 97 42559 98 42815 66 42885 28 43071 61 43141 28 43327 56 43395 30 43583 55 43651 29 43839 55 43906 30 44095 54 44162 29 44352 52 44418 28 44608 51 44673 29 44865 45 44929 28 45122 44 45185 28 45379 42 45441 27 45637 40 45697 26 45894 38 45943 4 45952 26 46151 37 46199 5 46208 23 46408 35 46454 7 46464 22 46665 33 46710 7 46719 22 46921 31 46966 7 46976 21 47179 8 47191 6 47202 1 47222 31 47448 5 47478 31 47619 2 47705 3 47734 31 47872 7 47906 1 47990 31 48128 8 48160 5 48246 31 48384 8 48415 7 48431 14 48503 30 48640 8 48670 9 48685 18 48759 30 48896 8 48924 37 49016 29 49152 8 49179 39 49273 28 49408 8 49434 40 49530 27 49664 8 49687 43 49787 27 49920 8 49942 44 50044 26 50176 7 50198 45 50302 23 50432 7 50453 46 50560 21 50688 7 50709 46 50817 19 50944 7 50965 46 51074 17 51200 8 51220 47 51331 8 51456 8 51475 48 51590 1 51712 9 51725 55 51900 4 51968 9 51980 57 52154 7 52224 10 52235 60 52409 8 52480 73 52664 10 52736 74 52920 10 52992 75 53175 11 53248 76 53431 12 53504 77 53687 13 53760 77 53943 18 53967 3 54016 77 54198 21 54223 5 54232 2 54272 76 54454 22 54478 14 54528 76 54709 23 54734 15 54784 74 54875 3 54965 24 54990 15 55040 73 55130 5 55220 41 55296 72 55386 6 55476 41 55552 72 55642 6 55732 41 55808 73 55897 8 55987 42 56064 73 56153 10 56244 41 56320 73 56409 13 56428 11 56500 41 56576 74 56664 32 56757 39 56832 74 56920 33 57014 38 57072 1 57088 74 57176 34 57271 36 57327 5 57344 76 57432 34 57527 35 57582 6 57600 77 57688 33 57783 33 57837 8 57856 78 57944 33 58039 30 58092 9 58112 79 58200 32 58294 28 58348 10 58368 79 58456 32 58549 29 58603 11 58624 80 58712 31 58806 28 58857 14 58880 81 58968 30 59062 28 59105 4 59112 15 59136 82 59224 30 59318 28 59360 24 59392 82 59481 29 59574 30 59615 25 59648 82 59737 29 59830 37 59870 26 59904 82 59992 30 60087 66 60160 81 60248 30 60344 65 60416 78 60503 32 60601 64 60672 78 60759 36 60858 63 60928 78 61014 39 61115 62 61184 78 61270 40 61371 62 61440 78 61526 42 61628 62 61696 79 61782 43 61864 8 61885 62 61952 81 62034 1 62038 44 62119 11 62142 61 62208 84 62294 45 62375 12 62397 62 62464 85 62550 46 62630 15 62651 64 62720 85 62807 45 62886 16 62905 66 62976 85 63062 46 63142 85 63232 17 63250 67 63319 46 63397 85 63488 15 63508 113 63653 85 63744 15 63764 117 63909 83 64000 15 64020 119 64165 82 64256 14 64276 120 64420 81 64512 14 64532 121 64676 80 64768 14 64788 122 64932 81 65024 10 65045 122 65188 81 65280 12 65301 123 65444 81
423050,0 65536
797883,0 65536
927607,0 9468 9469 255 9725 255 9982 253 10238 253 10492 3 10496 203 10700 1 10704 43 10750 1 10752 202 10955 1 10961 42 11006 1 11008 199 11209 1 11216 43 11261 2 11264 199 11471 44 11517 2 11520 198 11727 48 11776 198 11976 1 11982 47 12030 200 12236 49 12286 196 12483 3 12488 2 12491 50 12542 200 12743 54 12798 510 13309 255 13565 2021 15587 2 15590 1045 16636 341 16978 245 17224 13 17239 157 17397 81 17480 13 17496 156 17654 80 17735 15 17752 165 17918 89 18008 165 18174 71 18247 182 18430 72 18505 180 18686 252 18940 1 18942 252 19197 2 19200 250 19452 3 19456 251 19708 3 19712 94 19808 255 20064 20 20085 21 20108 254 20364 115 20480 134 20624 244 20869 1 20880 247 21137 245 21393 221 21616 22 21648 205 21854 15 21870 26 21903 206 22110 13 22127 27 22156 1 22159 204 22367 11 22383 32 22416 206 22623 10 22636 1 22638 5032 27672 254 27929 40 27972 1 27974 205 28186 19 28206 15 28234 197 28442 17 28462 15 28490 198 28698 12 28711 2 28718 11 28731 1 28747 197 28954 11 28974 12 29002 199 29210 11 29230 12 29258 200 29466 8 29486 12 29514 200 29722 8 29740 14 29769 202 29978 7 29997 14 30024 207 30232 8 30252 16 30280 215 30509 15 30535 218 30763 1 30766 17 30784 2 30791 217 31022 19 31045 1 31047 217 31278 18 31300 2 31303 218 31527 1 31530 20 31551 1 31554 3 31558 220 31783 2 31786 17 31808 228 32039 20 32062 252 32317 254 32572 8082 40655 1 40658 252 40919 1 40922 29 40956 152 41109 5 41116 47 41178 27 41213 158 41372 47 41429 1 41434 27 41470 151 41623 4 41630 46 41690 25 41726 152 41879 4 41886 46 41945 26 41981 159 42142 46 42200 27 42235 161 42398 45 42455 28 42490 209 42710 34 42745 210 42966 245 43221 28 43250 218 43476 248 43731 249 43986 251 44241 253 44495 176 44672 255 44928 123 45052 511 45564 255 45820 413 46234 255 46491 236 46728 14 46748 236 46986 11 47004 232 47238 2 47243 10 47258 234 47495 2 47499 11 47513 214 47728 1 47731 15 47747 1 47752 1 47755 12 47768 213 47986 16 48009 224 48241 2 48244 17 48264 224 48499 18 48519 224 48754 1 48757 237 48995 1 48997 1 49013 236 49257 1 49270 9 49280 225 49513 1 49527 131 49662 101 49784 5 49791 1 49794 119 49919 99 50024 1 50040 2 50043 1 50048 121 50176 99 50292 1 50296 2 50304 121 50432 98 50549 132 50688 99 50793 1 50795 3 50804 99 50904 34 50944 48 50994 51 51050 5 51058 101 51160 34 51200 49 51250 1 51252 50 51305 145 51456 216 51673 34 51712 253 51967 465 52433 586 53022 1 53024 220 53246 26 53282 218 53502 24 53537 1 53539 217 53758 23 53796 216 54014 22 54052 242 54308 240 54549 1 54562 242 54817 245 55072 223 55296 22 55327 247 55582 1 55584 247 55838 249 56094 226 56321 1 56323 2 56327 18 56348 228 56586 17 56604 228 56844 244 57101 245 57353 1 57358 211 57570 1 57572 30 57610 1 57614 203 57819 1 57821 4 57828 31 57866 202 58072 2 58079 1 58084 32 58122 202 58329 3 58340 35 58376 1 58378 202 58583 7 58596 248 58845 1 58848 3 58852 251 59105 2 59108 24 59133 226 59360 28 59390 225 59616 24 59642 2 59646 225 59872 24 59898 1 59902 248 60158 248 60412 1 60414 249 60668 252 60923 240 61165 249 61415 4 61422 246 61670 4 61678 245 61924 1 61928 2 61933 11 61946 241 62188 6 62203 1 62205 1 62207 235 62443 5 62461 241 62718 239 62969 1 62974 239 63218 3 63231 239 63472 10 63486 251 63743 250 63999 250 64254 252 64510 252 64766 253 65020 371 65392 4 65397 136 65534 2
280079,0 65536
271746,0 65536
123643,0 65536
000035,1 2 8 2 11 4 25 1 27 130 170 46 234 22 258 1 265 7 280 133 426 47 490 1 492 20 513 1 518 151 682 48 745 181 938 48 1002 181 1194 50 1256 183 1451 49 1508 188 1708 50 1763 189 1964 245 2221 244 2478 245 2736 244 2992 245 3248 245 3505 245 3761 249 4018 250 4276 249 4533 248 4792 246 5049 245 5306 244 5561 246 5817 247 6073 248 6329 249 6585 2646 9233 255 9492 251 9749 250 10005 249 10262 248 10518 249 10774 234 11009 13 11026 1 11028 236 11269 7 11281 239 11529 1 11537 239 11793 239 12050 238 12306 238 12562 238 12817 239 13073 239 13329 239 13585 239 13841 241 14097 243 14353 245 14609 246 14865 247 15121 250 15375 7595 22974 250 23231 195 23432 47 23487 193 23689 43 23743 190 23946 28 24000 188 24204 17 24256 187 24462 14 24512 186 24719 11 24768 186 24975 10 25024 186 25232 8 25280 186 25489 6 25536 187 25747 2 25792 187 26049 187 26305 187 26561 188 26817 188 27072 189 27328 188 27584 188 27777 2 27840 187 28031 6 28096 186 28287 7 28352 187 28542 18 28608 187 28798 20 28864 188 29054 21 29120 189 29311 21 29376 189 29568 20 29632 190 29823 22 29887 215 30143 216 30399 216 30655 217 30911 219 31167 222 31424 225 31680 228 31936 230 32192 231 32448 233 32704 236 32959 240 33215 241 33470 243 33726 244 33981 246 34237 247 34492 249 34748 250 35003 251 35258 253 35514 5879 41395 252 41653 250 41910 248 42168 246 42425 245 42683 243 42939 244 43195 244 43451 244 43707 243 43962 244 44218 244 44474 243 44730 243 44985 244 45241 243 45496 245 45751 247 46005 2443 48449 254 48705 253 48961 253 49216 253 49473 253 49729 3 49736 246 49994 245 50252 244 50509 193 50706 46 50768 190 50963 45 51026 188 51220 43 51282 186 51477 42 51539 186 51733 41 51795 186 51990 39 52051 186 52247 38 52308 187 52503 36 52564 191 52759 36 52820 176 52997 2 53000 51 53076 177 53254 1 53256 51 53332 177 53510 53 53588 177 53769 52 53844 179 54026 52 54100 236 54355 238 54611 239 54865 241 55120 243 55376 243 55631 244 55885 247 56139 4538 60680 3609 64290 255 64548 254 64804 732
822622,3326 2 3581 3 3837 3 4090 1 4092 4 4341 1 4343 9 4592 16 4841 1 4844 2 4847 17 5093 27 5344 32 5597 35 5849 39 6101 2 6105 39 6352 48 6604 52 6857 55 7109 59 7362 62 7614 66 7865 71 8118 74 8369 79 8621 83 8874 86 9126 90 9377 95 9630 98 9882 102 10134 2 10138 102 10387 109 10638 2 10642 110 10890 3 10894 114 11143 121 11396 2 11399 121 11652 124 11900 1 11906 126 12156 132 12410 134 12661 139 12908 2 12913 143 13165 147 13413 2 13416 152 13669 155 13917 1 13920 1 13922 158 14173 163 14427 165 14672 1 14677 171 14924 5 14930 174 15176 184 15428 188 15680 192 15932 196 16184 200 16436 204 16688 208 16940 212 17193 215 17444 220 17697 223 17949 227 18201 231 18454 234 18710 234 18958 2 18964 236 19213 1 19215 243 19466 1 19468 248 19720 45816
000088,0 65536
000009,0 27 49 8 151 132 304 3 309 4 408 130 561 1 566 3 664 130 808 1 920 120 1044 6 1062 5 1176 114 1301 4 1317 8 1433 113 1573 10 1624 4 1689 112 1828 12 1880 4 1894 7 1946 111 2081 18 2136 5 2148 11 2202 111 2335 30 2393 4 2403 13 2458 110 2590 34 2650 2 2659 14 2714 110 2845 35 2914 16 2969 111 3100 38 3170 16 3225 111 3355 43 3426 17 3480 112 3611 43 3682 17 3736 112 3866 45 3938 17 3992 111 4120 47 4194 17 4249 110 4373 39 4415 9 4450 16 4496 2 4505 110 4628 40 4671 9 4706 15 4751 3 4762 108 4884 40 4927 10 4962 14 5007 4 5019 107 5140 42 5183 10 5218 13 5263 1 5276 105 5397 12 5411 14 5426 24 5474 12 5533 103 5653 11 5668 39 5731 11 5789 101 5909 11 5926 37 5988 10 6046 98 6153 2 6166 11 6183 36 6229 2 6245 8 6303 97 6408 6 6423 10 6441 37 6482 7 6502 7 6559 97 6658 2 6664 9 6680 10 6697 39 6737 9 6759 4 6816 96 6913 4 6920 11 6937 9 6953 49 7072 96 7169 6 7176 27 7209 50 7328 96 7425 6 7435 24 7466 50 7584 96 7682 5 7691 25 7722 50 7840 96 7938 5 7947 26 7978 51 8096 96 8195 3 8203 82 8352 96 8459 82 8608 96 8715 82 8849 1 8865 95 8972 82 9121 95 9228 82 9377 95 9484 82 9632 96 9741 28 9772 50 9888 96 9996 28 10028 49 10122 1 10143 97 10252 27 10285 48 10377 14 10392 104 10508 27 10541 49 10604 1 10633 119 10765 25 10797 49 10861 2 10888 120 11021 25 11053 49 11117 2 11144 120 11278 23 11309 50 11374 1 11400 120 11534 22 11565 50 11630 1 11655 121 11790 21 11821 51 11886 1 11911 121 12047 20 12077 52 12166 122 12303 19 12334 51 12421 123 12559 19 12591 51 12676 124 12817 17 12849 49 12931 125 13076 13 13110 44 13185 127 13336 8 13367 44 13440 128 13624 43 13695 129 13881 42 13951 129 14137 42 14207 129 14393 42 14464 128 14649 42 14720 128 14905 42 14977 127 15161 43 15233 127 15361 2 15418 42 15489 131 15674 46 15745 131 15930 47 16001 46 16048 84 16186 47 16256 48 16305 83 16442 46 16512 48 16562 83 16698 46 16768 48 16818 83 16954 46 17024 133 17210 45 17280 133 17465 47 17535 134 17671 3 17721 48 17790 130 17921 2 17928 3 17975 50 18046 130 18184 3 18228 53 18301 131 18480 57 18558 130 18734 59 18814 4 18821 123 18987 61 19077 123 19242 30 19273 31 19333 123 19498 29 19529 31 19589 123 19753 29 19785 32 19846 122 20008 29 20042 31 20102 122 20264 28 20298 32 20359 121 20519 29 20554 33 20615 121 20775 29 20811 33 20871 121 21030 30 21068 33 21127 121 21285 31 21324 32 21382 122 21541 31 21579 33 21638 122 21797 31 21834 34 21893 123 22053 32 22089 33 22149 123 22310 32 22345 33 22404 16 22422 106 22566 33 22600 33 22660 16 22678 106 22823 67 22916 16 22934 106 23079 67 23172 124 23335 68 23426 126 23591 68 23681 127 23847 68 23936 128 24103 69 24191 129 24359 69 24447 129 24615 45 24661 24 24703 129 24871 45 24918 23 24960 128 25096 4 25127 70 25216 128 25349 10 25382 71 25474 126 25603 15 25637 72 25731 125 25859 15 25893 72 25988 124 26115 14 26149 73 26244 124 26371 14 26405 75 26501 123 26628 11 26661 76 26758 122 26886 8 26917 76 27016 120 27146 1 27175 75 27273 119 27431 75 27529 119 27688 74 27784 120 27944 75 28036 124 28200 75 28290 126 28457 75 28546 126 28713 76 28802 126 28970 76 29057 127 29227 76 29312 128 29486 2 29492 68 29567 129 29749 67 29819 2 29823 129 30005 67 30074 4 30079 129 30262 66 30330 134 30520 64 30586 134 30777 63 30842 134 31035 60 31098 134 31292 59 31355 133 31549 58 31613 131 31806 56 31870 130 32061 57 32127 129 32316 58 32383 129 32572 58 32639 129 32828 58 32895 129 33084 59 33150 130 33341 58 33406 130 33605 52 33662 130 33862 52 33915 133 34118 186 34375 185 34631 103 34735 81 34886 102 34993 79 35078 1 35142 39 35182 62 35249 79 35331 7 35398 39 35439 61 35505 79 35586 13 35654 39 35695 60 35762 78 35842 15 35910 40 35951 58 36019 77 36098 15 36166 94 36277 75 36354 16 36422 94 36535 73 36610 16 36678 41 36721 51 36792 72 36866 16 36886 4 36934 42 36977 50 37048 72 37123 16 37140 7 37190 92 37301 75 37379 24 37446 92 37556 76 37636 23 37702 93 37812 76 37898 17 37957 94 38068 76 38155 16 38213 94 38324 76 38413 14 38469 95 38577 79 38673 11 38725 97 38831 81 38929 11 38981 97 39086 82 39185 11 39237 97 39341 83 39436 1 39439 13 39495 95 39597 83 39694 13 39752 90 39852 84 39949 14 40009 90 40107 85 40205 14 40265 91 40363 85 40461 14 40522 90 40619 85 40716 15 40778 90 40874 86 40972 15 41010 5 41035 89 41130 86 41228 15 41266 7 41291 90 41386 86 41483 16 41522 7 41547 90 41642 86 41739 22 41778 8 41804 89 41898 86 41995 24 42035 10 42060 91 42152 88 42250 27 42292 10 42315 50 42366 1 42368 5 42374 122 42506 27 42551 8 42571 15 42589 30 42630 122 42761 30 42807 8 42826 16 42847 28 42887 121 43016 31 43063 8 43081 17 43108 22 43144 120 43272 32 43319 8 43336 19 43364 22 43400 23 43425 95 43528 32 43575 7 43587 27 43620 22 43657 20 43684 92 43785 31 43832 6 43842 28 43875 23 43914 19 43938 1 43940 92 44042 30 44090 2 44098 28 44131 24 44170 18 44195 93 44298 30 44354 27 44386 25 44427 17 44452 92 44554 31 44610 26 44642 25 44685 14 44706 94 44810 31 44866 25 44897 31 44942 13 44963 93 45067 31 45102 2 45122 25 45153 32 45199 12 45218 94 45324 30 45357 9 45378 26 45409 34 45456 12 45473 95 45580 45 45634 27 45664 36 45712 12 45726 98 45830 4 45835 50 45890 27 45920 37 45969 111 46084 59 46146 27 46176 38 46227 109 46339 61 46403 27 46433 37 46483 109 46594 62 46659 27 46690 37 46739 173 46916 27 46944 1 46946 38 46995 173 47173 67 47251 173 47431 65 47507 174 47690 63 47765 172 47947 62 48023 7 48031 163 48203 25 48230 35 48287 163 48459 25 48490 30 48543 163 48715 25 48748 28 48799 163 48971 25 49003 29 49055 198 49256 31 49311 198 49511 31 49567 229 49823 228 50079 226 50335 218 50591 194 50788 21 50848 192 51044 21 51104 194 51299 22 51360 217 51616 164 51781 5 51790 44 51873 8 51883 152 52047 44 52131 4 52139 152 52305 46 52394 152 52562 46 52650 152 52819 46 52906 152 53076 6 53083 38 53162 152 53332 6 53340 37 53419 150 53588 46 53676 149 53845 45 53933 147 54101 46 54190 145 54359 45 54416 3 54446 145 54616 46 54671 10 54684 5 54703 143 54872 48 54926 20 54959 144 55128 49 55181 21 55214 146 55383 75 55468 157 55628 5 55639 74 55717 165 55885 3 55896 72 55972 166 56152 72 56228 165 56408 11 56423 58 56484 165 56664 11 56681 56 56740 164 56920 11 56946 48 56996 164 57177 9 57207 208 57434 7 57463 207 57691 5 57719 207 57974 10 57988 194 58230 9 58247 31 58279 159 58486 9 58508 116 58625 69 58742 8 58765 185 58998 7 59022 124 59148 58 59238 3 59256 2 59278 124 59404 58 59493 6 59535 123 59661 57 59748 8 59792 112 59905 10 59917 57 60005 7 60048 112 60161 11 60173 58 60262 6 60305 111 60418 10 60429 59 60520 3 60562 110 60674 10 60685 60 60819 186 61077 186 61334 118 61453 66 61592 4 61600 175 61856 107 61964 67 62113 174 62340 6 62371 171 62595 9 62629 169 62847 15 62885 168 63102 16 63141 167 63359 16 63397 166 63616 16 63653 166 63872 16 63909 166 64129 15 64165 165 64386 14 64422 97 64524 9 64534 52 64642 14 64679 94 64781 7 64790 51 64898 15 64937 87 65048 48 65154 14 65196 84 65304 48 65410 14 65452 84
000087,0 65536
000012,106 6 362 7 617 9 872 10 1128 11 1383 13 1639 13 1895 14 2151 16 2407 22 2664 22 2920 23 3177 23 3434 22 3690 22 3947 22 4203 21 4459 21 4715 21 4971 20 5227 18 5483 16 5739 15 5995 13 6252 11 6508 10 6765 9 7022 7 7279 5 12680 7 12932 13 13187 15 13442 16 13697 18 13953 18 14209 18 14465 18 14721 18 14977 18 15234 16 15492 12 15754 3 18579 3 18834 4 19090 4 19348 1 20988 4 21243 5 21499 5 21755 5 22010 6 22266 6 22522 6 22779 5 23036 4 31861 4 32084 9 32115 8 32339 12 32370 10 32590 18 32626 10 32844 22 32882 10 33099 24 33138 10 33354 25 33395 9 33609 27 33652 7 33864 28 33909 4 34120 27 34376 26 34415 2 34632 25 34668 5 34890 19 34915 14 35148 12 35171 14 35410 3 35426 15 35682 14 35938 14 36195 12 36451 11 36708 9 36966 3 39756 4 40011 6 40265 9 40520 12 40774 14 41028 16 41283 17 41538 18 41792 19 42047 20 42303 21 42558 23 42814 24 43069 25 43325 26 43581 27 43835 29 44089 32 44343 34 44598 36 44854 36 45110 36 45365 37 45622 36 45878 36 46101 2 46134 36 46353 8 46390 36 46607 11 46646 35 46862 12 46902 35 47117 14 47158 35 47372 15 47415 34 47628 16 47671 34 47884 16 47928 32 48139 17 48185 30 48394 18 48444 25 48650 17 48702 22 48906 17 48958 22 49162 17 49216 20 49418 17 49472 20 49674 16 49728 21 49930 16 49984 22 50187 13 50239 24 50445 8 50495 24 50705 2 50751 25 51007 25 51262 26 51518 26 51774 26 51964 2 52030 26 52219 4 52286 25 52474 6 52542 25 52730 6 52799 24 52986 6 53055 23 53242 6 53312 22 53351 4 53497 7 53569 20 53606 5 53753 7 53824 19 53862 5 54007 9 54080 18 54118 5 54262 10 54336 16 54375 4 54517 11 54593 12 54632 2 54644 3 54773 11 54849 11 54899 6 55029 11 55081 3 55105 11 55154 7 55285 11 55335 7 55362 9 55411 7 55542 10 55590 9 55618 8 55667 8 55798 10 55845 11 55875 6 55923 9 56055 9 56099 14 56117 1 56132 4 56179 10 56312 7 56354 24 56428 2 56435 11 56571 2 56610 25 56684 1 56691 12 56862 29 56947 13 57117 31 57203 13 57373 31 57459 13 57629 30 57716 12 57885 30 57972 13 58141 30 58228 14 58398 29 58484 15 58654 30 58694 6 58722 1 58740 16 58910 30 58947 10 58976 10 58995 17 59166 30 59202 12 59231 12 59251 18 59424 3 59428 24 59458 12 59487 13 59507 21 59659 2 59686 22 59713 14 59743 13 59763 22 59913 6 59941 22 59968 15 59999 12 60020 22 60168 8 60192 2 60196 23 60223 17 60254 12 60277 22 60423 9 60447 28 60479 17 60506 15 60534 21 60678 11 60702 29 60735 17 60761 15 60791 21 60934 11 60958 29 60991 17 61016 15 61049 19 61189 16 61214 29 61247 17 61272 15 61305 19 61444 19 61469 5 61480 19 61503 16 61529 13 61561 19 61699 22 61722 5 61737 17 61759 15 61786 11 61816 20 61954 29 61994 16 62016 13 62070 21 62209 31 62250 16 62273 11 62325 21 62464 34 62506 16 62531 7 62581 20 62720 35 62756 1 62762 15 62836 20 62976 38 63018 15 63092 20 63232 40 63273 15 63347 21 63488 56 63602 22 63744 56 63854 26 64000 55 64109 27 64256 55 64364 28 64512 54 64620 28 64768 54 64876 28 65024 53 65132 27 65280 53 65389 24
892843,0 61827 61830 3706
798199,0 65536
000036,16 82 151 3 165 37 207 49 272 81 407 4 421 38 464 48 527 82 665 2 677 36 721 3 731 37 784 80 933 35 988 36 1039 81 1176 3 1188 35 1245 35 1295 81 1433 3 1444 34 1502 34 1551 82 1690 1 1700 32 1760 32 1807 83 1944 3 1954 32 2018 30 2063 85 2210 31 2276 28 2319 87 2466 30 2535 25 2575 87 2723 28 2797 19 2831 87 2978 29 3059 13 3086 89 3234 28 3320 8 3341 90 3491 27 3579 5 3596 92 3747 27 3837 3 3855 90 4003 27 4094 2 4110 91 4260 27 4367 1 4369 89 4517 8 4526 1 4528 16 4624 91 4777 1 4784 16 4880 92 5041 15 5121 1 5123 5 5135 93 5298 15 5347 1 5376 9 5392 92 5554 15 5601 2 5632 9 5648 92 5767 1 5811 14 5856 2 5888 8 5903 94 6022 4 6067 14 6112 3 6116 1 6143 8 6159 94 6276 9 6324 13 6368 2 6371 2 6391 1 6398 2 6401 1 6403 2 6414 96 6531 13 6546 1 6580 13 6622 6 6644 8 6654 2 6670 96 6786 19 6837 11 6874 9 6899 13 6926 96 7042 20 7094 10 7126 13 7155 13 7182 97 7296 23 7351 8 7381 13 7410 14 7438 41 7480 56 7552 23 7608 4 7636 14 7665 15 7695 40 7738 13 7755 38 7807 25 7891 15 7920 16 7951 39 7996 6 8013 37 8063 25 8146 17 8173 19 8208 13 8225 21 8270 36 8319 25 8382 4 8400 20 8427 21 8466 6 8482 20 8526 37 8574 26 8636 7 8654 22 8682 22 8738 20 8782 38 8831 25 8889 13 8908 25 8937 23 8995 18 9038 38 9087 25 9145 45 9191 25 9252 16 9294 39 9343 26 9400 72 9509 15 9550 39 9598 28 9656 72 9767 12 9805 41 9855 27 9912 72 10024 10 10060 44 10110 29 10169 71 10282 5 10315 46 10366 29 10424 72 10570 49 10621 31 10681 71 10824 84 10938 70 11077 86 11194 64 11262 2 11327 92 11449 60 11580 94 11704 59 11816 10 11829 100 11958 60 12070 114 12210 61 12325 115 12464 62 12579 95 12678 13 12719 63 12834 96 12936 11 12975 62 13089 96 13192 10 13231 62 13345 95 13455 1 13486 61 13601 95 13743 59 13857 94 13999 58 14113 94 14255 58 14370 94 14512 56 14626 94 14768 55 14883 93 15026 52 15140 93 15292 41 15397 93 15492 5 15550 19 15570 18 15655 99 15806 16 15827 17 15913 98 16063 13 16083 16 16171 97 16320 10 16339 15 16428 96 16576 10 16596 9 16684 96 16832 10 16854 3 16940 96 17088 9 17196 96 17344 8 17452 96 17601 6 17708 96 17827 6 17858 4 17950 6 17963 97 18081 9 18205 9 18219 97 18336 11 18459 113 18591 12 18713 115 18846 14 18967 117 19102 15 19222 118 19359 13 19477 120 19616 13 19732 121 19872 13 19987 123 20131 10 20152 2 20241 126 20388 10 20403 9 20494 134 20629 1 20645 24 20748 138 20902 23 21002 140 21158 23 21257 141 21416 20 21513 142 21672 20 21768 142 21928 20 22024 142 22184 20 22280 140 22440 21 22536 120 22662 14 22698 18 22792 120 22920 11 22957 1 22962 10 23048 119 23177 9 23221 6 23304 119 23434 8 23558 122 23691 7 23812 124 23948 5 24067 127 24323 128 24578 131 24834 131 25089 133 25345 134 25601 135 25856 136 26112 137 26369 137 26625 138 26882 21 26908 111 27140 16 27165 111 27318 6 27399 10 27421 112 27572 10 27659 1 27678 111 27826 15 27934 111 28081 18 28191 111 28336 21 28447 111 28591 23 28703 110 28846 25 28959 110 29102 27 29215 111 29358 28 29471 111 29614 29 29726 111 29870 30 29982 109 30126 30 30238 107 30359 2 30382 31 30493 105 30614 4 30638 31 30684 8 30748 105 30870 5 30894 31 30938 12 31004 104 31126 6 31150 32 31193 13 31260 102 31382 5 31406 32 31448 14 31515 102 31640 2 31662 33 31704 14 31770 101 31917 35 31959 15 32025 101 32172 38 32215 15 32280 101 32423 62 32534 101 32676 65 32789 99 32930 66 33044 99 33184 67 33300 98 33439 60 33556 97 33694 61 33812 96 33950 61 34068 97 34206 62 34304 1 34324 97 34462 62 34560 2 34563 1 34581 96 34717 63 34816 5 34837 97 34973 63 35072 5 35093 99 35228 64 35328 6 35337 3 35349 104 35484 65 35584 14 35605 105 35739 66 35840 16 35859 107 35994 67 36096 126 36250 66 36352 126 36499 73 36608 126 36752 75 36864 126 37007 75 37120 126 37263 75 37376 126 37518 75 37632 126 37773 75 37888 127 38028 74 38144 128 38282 75 38400 129 38537 74 38656 130 38793 72 38912 130 39049 70 39168 131 39305 65 39424 132 39561 64 39680 92 39775 38 39817 65 39936 92 40032 37 40074 64 40192 92 40289 36 40331 63 40448 92 40545 37 40587 63 40674 5 40704 91 40802 36 40844 63 40928 8 40960 89 41058 36 41101 62 41183 10 41216 88 41314 36 41358 62 41438 12 41472 86 41572 34 41614 62 41693 13 41728 85 41829 34 41871 61 41949 14 41984 84 42086 33 42128 61 42204 17 42240 84 42342 33 42384 61 42460 19 42496 84 42598 33 42640 61 42715 22 42752 84 42854 33 42895 63 42971 23 43008 83 43111 14 43126 16 43150 65 43226 25 43264 83 43369 3 43373 2 43376 3 43384 14 43406 67 43480 27 43520 83 43641 12 43660 104 43776 83 43898 10 43915 105 44032 82 44156 6 44170 106 44288 83 44426 107 44544 83 44682 107 44800 83 44938 107 45056 83 45194 106 45312 84 45451 105 45568 84 45707 94 45807 3 45824 85 45964 90 46080 86 46220 88 46336 88 46426 1 46478 84 46592 94 46737 68 46810 4 46848 95 46995 65 47104 96 47251 63 47360 96 47510 58 47616 96 47764 57 47872 96 48018 58 48128 97 48265 1 48269 63 48384 97 48520 68 48640 98 48773 71 48896 98 49028 72 49152 98 49282 73 49408 98 49538 73 49664 98 49793 73 49920 98 50038 4 50048 74 50176 99 50294 6 50303 74 50432 99 50549 84 50688 99 50804 85 50944 99 51060 84 51200 99 51316 84 51456 100 51572 82 51712 100 51829 79 51952 6 51968 100 52085 79 52206 15 52222 1 52224 101 52341 78 52461 120 52601 1 52605 70 52716 122 52862 69 52971 123 53119 69 53226 118 53347 1 53376 69 53481 119 53633 69 53736 121 53890 69 53991 121 54116 1 54121 2 54146 69 54247 121 54370 3 54378 2 54403 69 54501 135 54659 70 54756 124 54881 11 54916 69 55011 124 55137 11 55173 69 55266 138 55430 68 55521 139 55686 68 55772 144 55941 70 56026 146 56197 71 56281 147 56452 73 56526 1 56531 153 56708 232 56960 236 57214 238 57469 238 57724 239 57979 240 58235 46 58282 193 58491 43 58539 192 58746 43 58796 192 59002 42 59053 193 59258 42 59309 194 59514 41 59565 55 59626 134 59769 43 59821 52 59883 133 60025 43 60076 52 60139 134 60281 43 60332 51 60395 134 60535 45 60587 51 60651 134 60790 47 60842 51 60907 186 61098 51 61162 188 61354 50 61418 187 61610 50 61674 187 61867 49 61929 168 62101 15 62123 46 62170 1 62172 8 62183 170 62359 12 62380 44 62427 182 62617 10 62636 42 62683 182 62875 7 62893 41 62939 182 63149 39 63195 182 63390 1 63394 1 63406 37 63451 182 63663 34 63707 182 63920 33 63962 183 64163 2 64176 32 64218 184 64419 2 64433 31 64474 183 64675 2 64692 15 64709 10 64731 183 64930 5 64943 15 64960 16 64985 185 65203 11 65221 11 65242 184 65455 3 65459 11 65477 10 65498 38
000040,0 65536
995278,0 24569 24571 254 24830 1 24832 246 25088 243 25344 238 25600 235 25856 233 26112 230 26368 227 26624 225 26880 223 27136 222 27392 220 27648 219 27904 217 28160 216 28416 214 28672 213 28928 211 29184 210 29440 210 29696 209 29952 208 30208 206 30464 204 30720 200 30976 198 31232 191 31424 3 31488 188 31677 1 31744 181 31928 1 32000 182 32184 4 32256 177 32436 2 32441 3 32512 174 32693 2 32768 171 32949 1 33024 169 33280 166 33536 164 33792 162 34048 160 34304 159 34560 157 34816 156 35072 152 35225 1 35328 151 35584 151 35840 150 36096 148 36352 148 36608 149 36864 147 37120 145 37376 142 37632 132 37770 1 37888 130 38144 130 38400 126 38527 2 38656 125 38783 1 38912 125 39168 123 39424 123 39680 115 39796 3 39936 115 40192 110 40448 109 40704 106 40960 107 41216 105 41472 104 41728 103 41984 101 42240 100 42496 98 42752 95 43008 93 43264 90 43520 88 43776 85 44032 83 44288 81 44544 79 44800 77 45056 74 45312 73 45568 70 45824 66 46080 62 46336 62 46592 60 46848 58 47104 56 47360 52 47616 49 47872 46 48128 44 48384 42 48640 40 48896 38 49152 37 49408 34 49664 32 49920 29 50176 28 50432 25 50688 24 50944 21 51200 19 51456 16 51712 15 51968 12 52224 11 52480 8 52736 6 52992 3 53248 1
563581,0 65536
682813,0 90 256 91 512 91 768 91 1024 88 1113 2 1280 91 1536 92 1792 89 1882 2 2048 92 2304 90 2395 1 2560 89 2651 2 2816 93 3072 90 3163 2 3328 90 3419 2 3584 93 3840 93 4096 94 4352 94 4608 94 4864 92 4957 1 5120 92 5213 2 5376 95 5632 92 5725 2 5888 92 5981 2 6144 95 6400 96 6656 96 6912 96 7168 93 7263 1 7424 94 7519 2 7680 97 7936 94 8032 1 8192 94 8448 97 8704 97 8960 95 9056 2 9216 98 9472 96 9569 1 9728 95 9825 2 9984 99 10240 97 10338 1 10496 96 10593 2 10752 99 11008 99 11264 100 11520 97 11618 2 11776 100 12032 98 12131 1 12288 98 12387 2 12544 101 12800 98 12900 1 13056 98 13155 2 13312 101 13568 101 13824 99 13924 2 14080 102 14336 102 14592 100 14693 2 14848 103 15104 100 15206 1 15360 100 15461 2 15616 104 15872 103 16128 104 16384 104 16640 104 16896 104 17152 102 17255 2 17408 105 17664 103 17768 1 17920 102 18023 2 18176 106 18432 106 18688 103 18792 2 18944 106 19200 104 19305 1 19456 103 19561 2 19712 107 19968 107 20224 104 20329 2 20480 107 20736 108 20992 108 21248 108 21504 108 21760 106 21867 2 22016 106 22123 2 22272 109 22528 106 22636 1 22784 106 22891 2 23040 109 23296 110 23552 110 23808 110 24064 110 24320 108 24429 2 24576 111 24832 108 24942 1 25088 108 25197 1 25344 112 25600 112 25856 109 25966 2 26112 112 26368 112 26624 109 26735 2 26880 113 27136 111 27248 1 27392 110 27503 2 27648 114 27904 113 28160 114 28416 114 28672 114 28928 112 29041 1 29184 112 29297 2 29440 115 29696 112 29810 1 29952 112 30065 2 30208 115 30464 115 30720 113 30834 2 30976 116 31232 116 31488 114 31603 2 31744 117 32000 114 32116 1 32256 114 32512 117 32768 117 33024 115 33140 2 33280 118 33536 118 33792 116 33909 1 34048 116 34165 2 34304 119 34560 116 34678 1 34816 116 34933 1 35072 120 35328 120 35584 117 35702 2 35840 120 36096 118 36215 1 36352 118 36471 2 36608 121 36864 121 37120 118 37239 2 37376 122 37632 122 37888 119 38008 2 38144 122 38400 122 38656 120 38777 2 38912 120 39033 2 39168 123 39424 120 39546 1 39680 120 39801 2 39936 124 40192 124 40448 124 40704 124 40960 121 41083 1 41216 122 41339 2 41472 125 41728 122 41852 1 41984 122 42107 2 42240 126 42496 125 42752 126 43008 126 43264 126 43520 126 43776 127 44032 127 44288 124 44413 2 44544 128 44800 128 45056 128 45312 128 45568 128 45824 128 46080 126 46207 2 46336 129 46592 126 46720 1 46848 126 46975 2 47104 129 47360 129 47616 127 47744 2 47872 130 48128 130 48384 128 48513 2 48640 128 48769 2 48896 131 49152 128 49282 1 49408 128 49537 1 49664 131 49920 129 50050 2 50176 132 50432 132 50688 130 50819 1 50944 130 51075 2 51200 133 51456 130 51588 1 51712 130 51843 1 51968 134 52224 134 52480 131 52612 2 52736 134 52992 132 53125 1 53248 131 53382 1 53504 135 53760 132 53894 1 54016 132 54272 136 54528 135 54784 136 55040 136 55296 136 55552 133 55687 2 55808 134 55943 2 56064 137 56320 134 56456 1 56576 134 56711 1 56832 137 57088 138 57344 135 57480 2 57600 138 57856 135 57993 1 58112 135 58249 2 58368 139 58624 136 58762 1 58880 136 59136 139 59392 139 59648 137 59786 2 59904 140 60160 140 60416 138 60555 1 60672 137 60811 2 60928 138 61068 1 61184 138 61440 138 61696 141 61952 139 62208 139 62348 2 62464 142 62720 139 62861 1 62976 139 63232 139 63374 1 63488 140 63744 140 64000 140 64256 140 64512 140 64768 140 64911 1 65024 141 65167 1 65280 145
000026,61598 5 61852 9 62107 11 62362 14 62618 14 62873 16 63129 17 63385 18 63641 19 63878 7 63897 19 64132 11 64152 21 64388 13 64407 23 64643 17 64661 26 64898 47 65154 47 65411 45
144284,0 17926 17927 254 18183 510 18694 257 18952 13323 32276 1792 34071 252 34327 251 34583 252 34839 252 35094 253 35350 251 35606 19 35626 231 35861 27 35889 225 36117 27 36145 226 36372 25 36400 252 36656 225 36882 25 36912 251 37169 249 37425 249 37682 243 37926 3 37939 242 38195 242 38451 244 38707 244 38952 1 38963 246 39219 248 39474 250 39730 253 39985 255 40241 257 40499 255 40755 2825 43581 254 43837 4809 48649 253 48905 253 49161 254 49417 151 49570 100 49672 151 49828 250 50085 96 50182 151 50341 96 50438 151 50597 96 50694 151 50854 247 51110 246 51366 246 51621 247 51876 248 52130 249 52385 250 52639 1 52641 612 53254 5921 59177 253 59433 254 59688 252 59941 2 59944 5592
169327,0 65536
000007,0 65536
000034,190 66 449 1 451 61 702 66 966 58 1223 57 1479 57 1734 58 1991 57 2247 57 2502 58 2758 58 3014 58 3269 59 3523 61 3778 62 4032 64 4287 65 4543 65 4798 66 5054 66 5309 67 5565 67 5818 70 6072 72 6318 82 6574 82 6830 82 7086 82 7339 85 7591 89 7845 91 8100 92 8355 93 8610 94 8865 95 9121 95 9376 96 9632 96 9888 96 10144 96 10400 96 10656 96 10911 97 11167 97 11423 97 11678 98 11934 98 12190 98 12446 98 12701 99 12956 100 13212 100 13468 100 13723 101 13979 101 14234 102 14490 102 14745 103 15001 103 15256 104 15512 104 15768 104 16024 104 16280 104 16536 104 16792 104 17048 104 17304 104 17560 104 17816 104 18072 104 18328 104 18584 104 18840 104 19096 104 19351 105 19607 105 19863 105 20119 105 20375 105 20631 105 20887 105 21144 104 21400 104 21656 104 21912 104 22168 104 22424 104 22680 104 22936 104 23191 105 23447 105 23702 106 23958 106 24214 106 24470 106 24725 107 24981 107 25237 107 25493 107 25748 108 26004 108 26260 108 26516 108 26772 108 27028 108 27284 108 27540 108 27795 109 28051 109 28307 109 28562 110 28819 109 29075 109 29330 110 29587 109 29843 109 30099 109 30356 108 30612 108 30868 108 31125 107 31381 107 31637 107 31893 107 32149 107 32405 107 32661 107 32917 107 33173 107 33430 106 33686 106 33943 38 33987 1 33989 59 34200 36 34247 1 34249 55 34459 32 34506 2 34514 46 34719 27 34774 42 34979 23 35034 12 35053 19 35237 19 35292 8 35310 18 35495 15 35567 17 35752 9 35826 14 36010 5 36084 12 36348 4 36604 4 36862 2 37118 2 37375 1 37631 1 37887 1 38143 1 38399 1 38655 1 38911 1 39167 1
000014,181 11 251 5 436 12 504 8 692 12 759 9 900 1 949 10 1014 10 1154 5 1205 10 1269 11 1410 6 1461 9 1525 11 1665 8 1718 7 1781 11 1921 9 1976 3 2037 11 2176 10 2294 10 2432 11 2551 9 2687 13 2755 1 2808 8 2942 14 2976 4 3009 6 3065 7 3197 15 3222 5 3230 8 3264 8 3322 6 3449 19 3477 17 3519 10 3578 6 3703 22 3733 18 3774 12 3834 6 3956 26 3988 19 4030 12 4091 5 4211 28 4242 21 4286 12 4347 5 4467 53 4542 13 4604 4 4722 54 4798 14 4861 3 4977 38 5020 12 5054 15 5231 40 5276 12 5311 15 5486 41 5530 14 5567 16 5742 41 5786 14 5822 17 5998 41 6041 15 6078 18 6253 59 6334 18 6388 2 6508 60 6589 18 6643 4 6763 61 6845 18 6898 5 7017 63 7101 18 7154 6 7272 63 7357 17 7409 8 7527 62 7613 16 7665 8 7712 1 7783 51 7870 15 7903 5 7921 8 7966 6 8038 51 8126 14 8158 8 8177 8 8219 16 8294 51 8384 12 8414 9 8434 6 8473 19 8549 52 8640 13 8669 11 8691 4 8729 18 8805 52 8896 13 8925 11 8949 1 8984 19 9061 52 9152 14 9181 11 9239 20 9317 52 9409 13 9437 11 9495 20 9574 51 9665 12 9693 11 9750 21 9830 51 9921 12 9949 11 10004 22 10086 51 10178 10 10205 10 10260 22 10343 50 10434 10 10462 8 10515 22 10599 50 10690 9 10719 7 10771 21 10856 49 10946 8 10978 2 11026 21 11112 49 11202 7 11282 11 11296 7 11370 47 11460 2 11538 10 11553 5 11627 46 11794 10 11811 2 11884 45 12051 9 12142 43 12307 9 12400 41 12564 8 12657 40 12821 7 12914 39 13060 4 13078 5 13172 37 13314 8 13429 37 13569 9 13684 38 13824 11 13940 38 14080 12 14195 39 14336 13 14451 39 14578 8 14592 15 14708 38 14833 11 14848 16 14964 38 15089 12 15104 18 15168 3 15221 37 15344 13 15360 21 15423 9 15478 36 15599 15 15616 23 15678 11 15734 35 15853 17 15872 24 15934 11 15991 33 16108 17 16128 24 16190 11 16249 5 16262 17 16364 17 16384 24 16446 11 16520 13 16620 16 16640 24 16702 11 16778 9 16876 15 16896 24 16958 10 17132 15 17152 24 17215 8 17387 15 17408 24 17472 5 17643 14 17664 25 17729 2 17898 14 17920 26 18150 2 18153 15 18176 26 18405 18 18432 26 18662 16 18688 25 18920 12 18944 25 19177 11 19200 25 19329 6 19433 10 19456 25 19583 9 19690 8 19712 25 19838 10 19946 7 19968 25 20093 11 20124 4 20202 6 20224 25 20349 12 20367 5 20377 9 20480 24 20604 13 20621 22 20736 24 20860 13 20876 24 20992 24 21116 13 21132 25 21248 24 21373 12 21387 26 21504 24 21629 12 21643 27 21760 24 21885 12 21899 29 22016 24 22141 13 22156 30 22272 24 22397 13 22412 31 22528 24 22653 12 22668 32 22784 24 22909 12 22925 31 23040 24 23165 11 23181 32 23296 24 23421 11 23437 33 23552 23 23678 9 23694 33 23808 23 23935 7 23951 32 24064 21 24191 6 24207 33 24320 4 24327 13 24448 4 24464 33 24577 3 24584 9 24721 38 24835 1 24842 3 24977 41 25235 40 25492 40 25749 40 26005 40 26262 40 26365 3 26519 39 26620 4 26776 38 26875 5 27032 38 27131 5 27289 36 27386 6 27545 34 27641 7 27802 29 27897 7 28059 27 28152 8 28317 24 28407 9 28580 16 28658 14 28839 11 28912 16 29168 16 29423 17 29679 17 29935 17 30191 17 30448 8 30457 7 30706 4 30714 6 30971 5 31228 2 32510 2 32765 3 33020 4 33276 4 33532 4 33788 4 34044 4 34300 4 34556 4 34812 4 35068 4 35323 5 35578 6 35833 7 36088 8 36343 9 36598 10 36854 10 37110 10 37365 5 37372 3 37622 3 37629 2 37880 1 37886 1 38142 1 38730 4 38910 1 38985 7 39166 1 39241 8 39421 2 39496 10 39677 2 39752 10 39932 4 40008 11 40187 5 40264 11 40443 5 40520 12 40700 4 40776 13 40956 4 41032 14 41195 3 41212 4 41288 14 41449 8 41469 3 41544 15 41704 10 41725 3 41800 16 41957 13 41980 4 42056 17 42211 16 42232 8 42313 17 42467 17 42487 9 42569 18 42722 30 42826 17 42979 29 43082 17 43235 29 43337 18 43492 28 43593 17 43749 27 43849 17 44005 27 44105 15 44261 27 44361 13 44517 27 44618 7 44772 28 44876 2 45028 28 45284 28 45540 28 45795 29 46051 29 46307 29 46562 30 46817 31 47072 32 47327 33 47582 34 47837 35 48092 36 48348 36 48601 1 48603 37 48856 1 48859 37 49115 37 49370 38 49626 38 49881 39 50137 39 50392 40 50647 41 50902 42 51158 42 51413 43 51668 44 51924 44 52124 3 52179 45 52378 7 52434 46 52633 9 52690 46 52888 10 52945 47 53143 11 53199 49 53399 11 53454 50 53654 12 53694 6 53708 52 53910 12 53947 69 54166 11 54202 70 54422 11 54456 72 54678 11 54712 72 54934 10 54967 73 55190 10 55223 73 55446 9 55480 72 55703 7 55736 72 55961 4 55992 72 56248 72 56505 71 56761 71 56846 6 57018 70 57102 8 57274 70 57357 9 57531 78 57611 11 57790 89 58049 87 58306 87 58565 84 58821 85 59078 84 59336 82 59592 82 59849 81 60106 79 60363 78 60620 76 60877 75 61134 74 61390 73 61646 73 61902 74 62158 74 62414 75 62671 74 62927 74 63183 74 63439 74 63695 55 63752 17 63951 55 64008 17 64208 54 64264 17 64464 48 64513 5 64520 17 64721 47 64769 25 64977 47 65025 25 65234 46 65282 24 65490 46
270495,0 65536
238364,0 147 148 121 274 62 338 65 405 123 531 63 596 63 660 124 789 1 791 58 850 2 854 60 917 118 1036 3 1046 121 1168 1 1173 119 1301 125 1429 118 1550 1 1556 245 1802 1 1809 250 2060 1 2062 1 2064 2288 4353 151 4505 103 4609 255 4867 146 5014 3 5018 102 5126 1 5128 8 5138 1 5140 128 5270 4 5277 100 5385 6 5396 124 5521 4 5526 5 5532 101 5637 8 5652 124 5777 10 5790 99 5892 8 5908 121 6035 8 6046 109 6164 121 6291 120 6419 125 6548 118 6673 250 6924 1819 8744 258 9003 252 9256 3 9261 64 9326 185 9513 3 9517 251 9769 474 10244 87 10334 253 10590 1 10592 205 10800 42 10843 2 10847 19 10868 184 11056 40 11104 19 11124 183 11312 1 11314 39 11361 203 11567 43 11617 203 11822 41 11864 4 11872 247 12120 1250 13371 252 13624 1 13627 1429 15057 1375 16434 95 16530 66 16599 82 16683 4 16689 95 16785 67 16856 79 16939 1 16947 159 17107 2 17113 71 17186 2 17195 1 17204 157 17369 70 17458 11 17470 147 17625 69 17714 4 17720 152 17881 67 17971 1 17977 149 18139 65 18227 1 18229 153 18393 69 18475 1 18484 4 18489 147 18649 68 18741 4 18746 146 18905 67 18983 3 18997 1 19000 149 19161 67 19231 10 19252 1 19255 146 19402 4 19417 81 19507 2 19510 148 19661 2 19673 80 19764 25 19790 125 19919 1 19927 82 20021 21 20047 124 20184 1 20186 79 20278 19 20301 1 20303 127 20431 2 20445 2 20448 76 20533 2 20538 3 20542 11 20557 132 20704 1 20706 76 20788 6 20800 8 20813 132 20948 2 20952 1 20962 56 21019 3 21025 15 21041 9 21056 8 21068 136 21205 2 21215 1 21218 54 21275 1 21282 26 21310 12 21323 140 21471 1 21475 53 21538 23 21562 1 21564 156 21727 35 21763 14 21778 3 21793 184 21983 35 22020 11 22032 4 22047 181 22230 52 22283 3 22290 1 22303 236 22540 2 22558 232 22791 3 22796 4 22814 232 23047 2 23055 1 23069 238 23311 1 23325 236 23562 1 23579 237 23818 4 23832 54 23889 181 24075 3 24088 55 24144 182 24327 1 24329 5 24344 244 24598 1 24600 243 24853 247 25102 1 25109 247 25358 3 25366 246 25613 4 25621 248 25877 248 26133 248 26388 238 26642 240 26883 2 26897 241 27140 3 27154 240 27395 6 27410 240 27652 2 27655 5 27664 1 27667 239 27907 3 27911 6 27919 755 28675 512 29189 14 29205 240 29447 12 29462 236 29700 1 29704 14 29720 234 29958 1 29961 13 29976 103 30081 129 30218 117 30337 129 30467 1 30474 248 30731 247 30985 1 30987 249 31241 506 31748 526 32275 1028 33304 1 33306 8 33319 243 33563 9 33576 239 33817 1014 34833 251 35085 2 35089 247 35342 2 35346 246 35593 1 35598 2 35603 243 35854 3 35859 242 36110 1 36112 246 36364 2 36367 246 36621 246 36875 247 37127 252 37383 251 37638 252 37892 1023 38918 1 38921 249 39175 1 39177 249 39432 251 39688 251 39944 3 39949 243 40193 1 40195 2 40201 1 40205 244 40462 8 40471 3 40476 229 40718 11 40730 1 40732 230 40970 3 40974 11 40986 1 40989 229 41227 10 41238 2 41242 1 41244 230 41482 13 41498 232 41733 1 41738 13 41752 234 41988 2 41994 249 42244 1987 44232 254 44489 252 44745 247 44993 2 45001 217 45220 25 45247 1 45249 1 45255 1 45257 211 45475 27 45510 212 45733 25 45766 212 45986 28 46022 211 46245 23 46269 3 46281 50 46334 154 46501 23 46534 1 46537 47 46591 152 46757 23 46790 1 46794 46 46848 151 47002 1 47005 1 47009 29 47041 1 47046 1 47050 47 47103 152 47260 39 47308 46 47358 153 47513 41 47555 1 47568 43 47615 195 47811 1 47823 45 47870 198 48073 1 48077 48 48126 201 48328 1262 49592 255 49849 254 50104 53 50159 254 50415 201 50617 53 50672 250 50923 3 50928 198 51127 52 51184 11 51196 186 51384 51 51441 196 51640 52 51693 125 51819 75 51897 1 51899 49 51951 10 51962 111 52075 4 52080 70 52155 50 52207 6 52215 113 52330 1 52332 3 52337 69 52412 49 52464 5 52473 111 52585 1 52589 2 52594 67 52668 57 52730 112 52845 3 52850 66 52918 2 52924 56 52986 112 53100 72 53174 1 53177 60 53242 26 53269 158 53428 1 53432 64 53497 24 53522 3 53526 156 53684 67 53753 23 53779 1 53782 5 53790 208 53999 1 54003 29 54035 2 54039 5 54045 213 54265 25 54292 2 54296 1 54301 216 54519 28 54548 5 54561 30 54592 219 54815 37 54855 212 55068 1 55071 30 55102 6 55111 214 55327 37 55367 254 55624 253 55880 254 56136 167 56304 87 56392 167 56560 510 57074 573 57649 543 58194 225 58420 103 58524 403 58928 1 58930 114 59045 136 59184 108 59295 5 59301 137 59440 75 59517 30 59555 139 59695 77 59773 27 59802 1 59811 214 60030 24 60055 2 60063 1 60066 217 60286 24 60320 195 60517 20 60538 2 60541 25 60577 245 60833 247 61090 246 61341 1 61346 221 61568 24 61597 50 61649 145 61795 106 61905 54 61960 34 61996 53 62051 29 62081 74 62164 51 62216 89 62309 27 62338 74 62415 2 62420 62 62483 23 62508 54 62565 2 62568 25 62595 74 62672 1 62676 62 62740 1 62742 76 62821 29 62851 75 62929 1 62933 57 62997 6 63004 69 63075 32 63108 74 63185 1 63189 57 63250 2 63254 3 63258 71 63332 27 63362 2 63366 73 63442 1 63445 58 63507 2 63510 110 63622 74 63698 2 63701 58 63763 2 63766 72 63839 38 63879 73 63954 3 63958 58 64020 74 64095 2 64100 29 64131 2 64136 73 64211 2 64215 59 64276 41 64320 6 64327 25 64357 29 64387 3 64392 73 64468 2 64471 94 64566 1 64568 3 64579 2 64584 23 64613 30 64644 3 64649 74 64725 1 64728 92 64824 2 64835 16 64852 13 64870 29 64900 79 64981 95 65079 1 65082 2 65089 32 65124 1 65126 109 65236 94 65337 3 65347 189
000044, 
867180,0 2959 2960 252 3217 252 3473 251 3727 252 3984 251 4236 1 4239 255 4495 768 5264 1232 6497 254 6752 257 7010 255 7266 1647 8915 253 9170 254 9426 253 9682 252 9936 1 9938 251 10192 251 10446 244 10692 9 10703 243 10949 251 11201 2 11204 251 11457 255 11714 255 11970 1541 13512 765 14278 255 14534 254 14789 767 15558 255 15814 4085 19900 45636
688285,13 243 268 244 525 243 781 243 1037 243 1293 243 1549 243 1806 242 2062 242 2318 242 2574 242 2831 241 3087 241 3343 1 3345 239 3599 1 3601 239 3856 240 4112 240 4368 240 4624 1 4626 238 4880 1 4882 238 5137 239 5393 239 5649 1 5651 237 5905 1 5907 237 6162 238 6418 238 6674 238 6930 1 6932 236 7186 1 7188 236 7443 237 7699 237 7955 1 7957 235 8213 235 8468 236 8724 236 8980 236 9236 1 9238 234 9492 1 9494 234 9749 235 10005 235 10261 1 10263 233 10517 1 10519 233 10773 235 11030 234 11286 234 11542 234 11798 1 11800 232 12055 233 12311 233 12567 233 12823 1 12825 231 13079 1 13081 231 13336 232 13592 232 13848 232 14104 1 14106 230 14360 1 14362 230 14617 231 14873 231 15129 1 15131 229 15385 1 15387 229 15642 230 15898 230 16154 230 16410 1 16412 228 16666 1 16668 228 16923 229 17179 229 17435 1 17437 227 17691 1 17693 227 17948 228 18204 228 18460 228 18716 1 18718 226 18972 1 18974 226 19229 227 19485 227 19741 1 19743 225 19999 225 20254 226 20510 226 20766 226 21022 1 21024 224 21278 1 21280 224 21535 225 21791 225 22047 1 22049 223 22303 1 22305 223 22560 224 22816 224 23072 224 23328 1 23330 222 23584 1 23586 222 23841 223 24097 223 24353 223 24609 1 24611 221 24865 1 24867 221 25123 221 25378 222 25634 1 25636 220 25890 1 25892 220 26146 1 26148 220 26403 221 26659 221 26915 1 26917 219 27171 1 27173 219 27429 219 27685 219 27942 218 28198 218 28452 1 28454 218 28710 218 28967 217 29223 217 29479 217 29735 217 29991 217 30247 217 30502 1 30504 216 30758 1 30760 216 31016 216 31271 1 31273 215 31527 1 31529 215 31785 215 32040 216 32296 216 32552 216 32808 1 32810 214 33064 1 33066 214 33321 215 33577 215 33833 1 33835 213 34089 1 34091 213 34346 214 34602 214 34858 214 35114 1 35116 212 35370 1 35372 212 35628 212 35883 213 36140 212 36395 1 36397 211 36651 1 36653 211 36909 211 37165 211 37420 212 37676 212 37932 212 38189 211 38445 1 38447 209 38701 1 38703 209 38957 211 39214 210 39470 210 39726 210 39982 210 40238 210 40495 209 40751 209 41007 1 41009 207 41263 1 41265 207 41520 208 41776 208 42032 208 42288 1 42290 206 42544 1 42546 206 42801 207 43057 207 43313 207 43569 207 43825 207 44082 206 44338 206 44594 206 44850 206 45106 206 45363 205 45619 205 45875 205 46131 205 46387 205 46644 204 46900 204 47156 204 47412 204 47669 203 47925 203 48181 1 48183 201 48437 1 48439 201 48694 202 48950 202 49206 1 49208 200 49462 1 49464 200 49720 200 49977 199 50233 199 50489 199 50745 199 51000 200 51256 200 51514 198 51770 198 52026 198 52281 199 52537 1 52539 197 52793 1 52795 197 53051 197 53307 197 53563 197 53820 196 54076 196 54332 196 54588 196 54843 1 54845 195 55101 195 55357 195 55613 195 55870 194 56126 194 56382 194 56638 194 56894 194 57151 193 57407 193 57663 193 57919 193 58175 193 58432 192 58688 192 58944 192 59200 192 59455 193 59713 191 59967 1 59969 191 60225 191 60482 190 60738 190 60994 190 61250 190 61506 190 61763 189 62019 189 62273 1 62275 189 62531 189 62786 190 63042 190 63298 190 63554 1 63556 188 63810 190 64067 189 64324 188 64579 189 64835 189 65091 189 65348 188
944809,0 65536
799282,0 2044 2048 250 2304 247 2560 243 2816 239 3072 236 3328 233 3584 231 3840 228 4096 225 4352 221 4608 218 4864 214 5120 210 5376 208 5632 206 5888 201 6144 199 6400 194 6656 190 6912 188 7168 186 7424 184 7680 182 7936 178 8192 175 8448 172 8704 166 8960 164 9216 160 9472 159 9728 156 9984 153 10240 148 10496 142 10640 1 10752 140 11008 124 11135 10 11264 123 11393 1 11395 3 11520 120 11776 119 12032 116 12288 115 12544 115 12800 112 13056 111 13312 93 13406 1 13411 2 13414 6 13568 93 13667 2 13670 4 13824 91 14080 84 14336 77 14416 2 14592 76 14673 1 14848 75 15104 71 15360 69 15616 67 15872 69 16128 68 16384 55 16441 8 16640 52 16698 6 16896 47 16954 4 17152 43 17408 40 17664 40 17920 36 18176 35 18432 34 18688 34 18944 27 18972 2 18975 1 19200 22 19223 1 19225 2 19229 2 19456 23 19712 22 19968 19 20224 19 20480 17 20736 15 20992 12 21248 9 21504 5 21760 2
580255,0 461 465 2 468 1 470 238 709 6 727 232 960 11 983 5109 6097 251 6352 253 6610 251 6866 251 7124 51 7176 198 7381 50 7432 199 7638 249 7893 250 8149 252 8406 250 8663 250 8920 249 9176 250 9433 249 9688 251 9946 249 10202 250 10458 250 10715 249 10971 249 11228 248 11483 249 11738 250 11996 248 12252 249 12508 249 12764 250 13020 251 13277 251 13534 251 13791 250 14048 249 14305 250 14561 250 14818 249 15075 2 15078 245 15334 63 15398 182 15591 245 15847 245 16103 1 16105 242 16358 1 16360 242 16617 241 16872 72 16947 167 17128 73 17202 168 17383 2 17386 70 17461 164 17638 2 17641 71 17717 88 17806 2 17809 72 17893 2 17897 1 17900 62 17963 7 17972 90 18065 73 18152 1 18155 63 18221 5 18227 167 18406 75 18483 92 18576 74 18662 170 18833 10 18846 60 18917 2 18920 56 18978 121 19102 1 19109 55 19172 2 19176 59 19236 118 19368 52 19426 4 19431 179 19627 49 19679 1 19681 64 19747 120 19883 53 19937 187 20141 239 20398 48 20448 188 20654 239 20910 22 20933 216 21166 241 21422 17 21440 223 21678 16 21700 221 21931 1 21934 15 21951 1 21955 223 22182 3 22187 247 22436 1 22438 3371 25810 1066 26878 253 27134 214 27350 37 27390 214 27606 37 27646 253 27902 253 28158 253 28414 253 28670 253 28926 253 29182 253 29438 253 29694 253 29950 232 30184 19 30206 232 30441 18 30462 232 30697 18 30718 253 30974 233 31208 19 31230 253 31486 253 31742 254 31998 254 32254 254 32510 253 32766 254 33022 254 33277 511 33789 31747
938416,0 65536
149617, 
283877,0 65536
580290,0 65536
217771,0 65536
504868,0 65536
222596,0 65536
255132,0 38341 38342 254 38598 254 38854 254 39110 2555 41666 23870
142027,0 10759 10760 254 11016 254 11272 254 11527 7254 18782 255 19038 255 19294 255 19551 254 19807 254 20063 254 20318 16362 36684 252 36939 252 37196 251 37451 252 37707 18651 56359 255 56615 2084 58700 254 58956 1 58958 252 59214 252 59470 252 59726 252 59983 251 60238 252 60495 251 60748 1 60751 252 61004 4331 65338 26 65365 2 65369 167
826515,0 65536
000041,0 65536
877548,0 65536
442220,0 65536
000082,0 115 244 127 500 23 525 102 756 22 781 102 1012 21 1038 101 1268 20 1294 100 1524 20 1550 99 1780 20 1807 98 2037 19 2064 97 2294 17 2322 95 2551 15 2579 94 2807 14 2835 94 3063 9 3092 93 3318 10 3350 91 3572 12 3608 48 3661 36 3826 14 3866 41 3920 34 4081 15 4125 36 4177 32 4335 17 4382 35 4434 31 4588 20 4638 35 4691 30 4841 23 4894 36 4948 29 5095 25 5150 37 5206 26 5333 3 5349 27 5405 39 5464 23 5587 8 5604 28 5660 41 5722 20 5842 11 5858 30 5915 42 5979 17 6097 14 6114 30 6170 43 6236 14 6352 48 6426 44 6494 1 6608 48 6681 46 6863 49 6937 49 7119 49 7192 52 7375 49 7448 54 7630 50 7704 55 7885 51 7960 55 8140 52 8216 55 8323 2 8395 53 8472 55 8576 8 8650 54 8728 56 8830 11 8906 54 8984 56 9084 14 9161 55 9241 55 9339 17 9417 55 9498 54 9595 19 9672 56 9755 54 9850 23 9928 56 10011 55 10102 28 10185 55 10268 58 10340 3 10359 28 10441 55 10525 59 10596 8 10614 29 10698 54 10782 64 10852 10 10868 33 10954 54 11040 66 11107 14 11122 36 11210 54 11297 118 11467 53 11554 118 11724 52 11811 117 11981 51 12070 114 12239 49 12326 114 12496 48 12578 1 12583 113 12753 47 12826 10 12840 112 13010 46 13081 13 13096 112 13266 46 13332 1 13336 128 13522 46 13586 134 13779 45 13840 136 14037 43 14095 139 14296 40 14347 144 14554 38 14602 146 14811 44 14856 148 15067 193 15323 193 15579 193 15835 193 16091 193 16346 193 16601 193 16857 191 17113 189 17369 188 17626 187 17883 186 18140 184 18397 183 18653 119 18773 62 18909 116 19030 61 19164 111 19286 61 19420 111 19542 61 19675 112 19798 61 19931 115 20053 63 20187 37 20226 76 20309 63 20443 37 20482 76 20565 63 20699 37 20739 75 20821 63 20954 38 20995 2 21000 70 21078 62 21209 39 21256 69 21336 60 21463 41 21512 67 21593 58 21717 43 21768 68 21850 39 21893 14 21972 44 22024 68 22106 38 22150 11 22228 44 22279 74 22362 38 22407 6 22483 45 22536 74 22619 37 22739 45 22792 73 22876 36 22994 46 23048 71 23133 35 23250 46 23304 71 23389 35 23502 50 23561 72 23645 35 23756 52 23818 71 23900 36 24011 53 24073 73 24156 36 24267 53 24330 73 24411 37 24523 53 24585 75 24667 37 24779 53 24841 76 24922 37 25035 53 25098 76 25178 37 25292 52 25354 76 25434 37 25548 52 25610 77 25690 37 25806 50 25867 117 26063 49 26123 119 26320 48 26378 121 26576 8 26587 37 26634 122 26834 4 26844 36 26891 122 27101 35 27148 121 27358 34 27405 120 27615 33 27662 120 27872 32 27918 120 28128 32 28174 120 28385 31 28432 118 28642 30 28689 117 28899 29 28946 116 29156 28 29202 73 29280 37 29413 27 29459 72 29537 36 29671 25 29715 72 29794 35 29928 24 29971 72 30052 32 30184 24 30227 72 30310 30 30440 24 30483 71 30568 27 30697 23 30740 70 30825 26 30953 23 30997 67 31083 23 31208 24 31253 65 31340 21 31464 24 31510 61 31596 21 31720 24 31766 57 31848 8 31857 14 31975 25 32022 53 32103 8 32115 10 32231 25 32278 53 32357 11 32371 9 32488 24 32534 53 32612 13 32629 4 32744 24 32791 52 32867 15 33001 23 33047 52 33122 16 33257 23 33302 50 33378 15 33514 22 33558 48 33633 16 33770 22 33815 43 33889 16 34027 21 34070 43 34144 17 34283 21 34326 43 34400 17 34540 20 34582 43 34657 16 34797 19 34837 44 34913 15 35055 11 35069 3 35093 44 35170 13 35312 7 35349 44 35426 12 35605 44 35683 10 35861 43 35940 7 36118 41 36375 39 36632 36 36889 5 36897 26 37155 24 37412 23 37669 22 37925 22 38182 21 38439 19 38696 16 38955 11 39213 8 39470 6 39728 3 51295 6 51550 9 51806 11 52062 11 52318 12 52573 13 52829 14 53084 15 53115 6 53339 17 53368 10 53593 19 53623 12 53709 5 53847 22 53877 14 53963 8 54101 25 54132 16 54216 11 54357 27 54387 22 54471 13 54612 54 54726 14 54790 5 54867 56 54979 16 55045 8 55122 58 55234 17 55301 8 55378 58 55490 17 55557 9 55633 59 55746 16 55813 10 55889 59 56002 16 56065 14 56144 60 56259 15 56320 15 56401 59 56515 13 56576 16 56657 20 56678 39 56771 12 56832 16 56914 18 56934 40 57027 10 57088 19 57170 17 57191 40 57283 8 57344 21 57428 14 57447 40 57540 3 57600 22 57685 12 57702 42 57856 23 57942 10 57955 45 58112 23 58196 60 58368 24 58451 63 58624 25 58706 66 58880 25 58961 68 59136 25 59217 69 59392 25 59473 71 59545 3 59648 25 59727 78 59904 24 59982 80 60160 24 60234 85 60416 22 60490 86 60672 19 60745 87 60834 4 60928 18 60999 96 61184 18 61221 5 61239 2 61253 98 61440 18 61476 8 61494 4 61507 99 61696 19 61732 9 61750 4 61762 100 61952 20 61988 10 62006 4 62017 101 62208 20 62244 10 62263 3 62272 102 62464 24 62500 11 62516 7 62527 87 62616 15 62720 24 62756 12 62770 11 62783 86 62874 15 62976 24 63013 112 63130 17 63232 24 63270 112 63387 17 63488 24 63526 112 63644 17 63744 24 63783 112 63900 18 64000 24 64039 113 64157 17 64189 6 64256 23 64297 112 64412 19 64444 7 64512 22 64554 134 64700 6 64768 22 64810 134 64955 8 65024 21 65067 134 65212 7 65280 21 65324 133 65468 7
661320,0 65536
535798,0 30601 30602 2551 33156 4 33162 27 33190 219 33410 4 33415 2 33418 32118
702433,0 65536
976097,0 53243 53245 250 53502 248 53760 244 54016 242 54272 241 54528 239 54784 236 55040 236 55296 231 55530 1 55552 231 55808 231 56064 228 56320 225 56576 224 56832 219 57088 217 57344 216 57600 215 57856 213 58112 212 58368 208 58624 207 58880 204 59136 203 59392 200 59648 197 59904 194 60160 190 60416 189 60672 187 60928 186 61184 184 61440 182 61696 180 61952 179 62208 176 62464 175 62720 171 62976 169 63232 167 63488 164 63744 162 64000 160 64256 157 64512 156 64768 153 65024 151 65280 149
000070,0 65536
000061,0 65536
000092,0 65536
000059,0 65536
416662,0 23030 23032 251 23284 254 23540 254 23796 15727 39524 255 39780 254 40036 252 40291 2 40296 248 40547 2 40551 250 40803 2 40807 250 41058 4 41063 379 41444 253 41701 120 41823 131 41956 121 42078 132 42211 268 42480 2064 44545 255 44801 255 45057 1 45062 255 45318 254 45574 254 45831 2507 48340 765 49109 254 49365 246 49613 6 49621 246 49869 6 49876 247 50126 2 50130 250 50383 255 50639 6112 56752 252 57005 2 57008 247 57258 1 57261 247 57517 248 57771 250 58025 252 58281 254 58536 249 58786 254 59042 6494
907141,0 4557 4558 255 4814 503 5318 255 5576 255 5832 59704
748680,0 65536
981723,0 37694 37696 254 37952 660 38613 100 38714 1007 39722 9785 49508 255 49765 255 50021 255 50277 1540 51819 12798 64618 748 65369 167
000081,0 65536
191853,0 65536
451709,0 825 827 253 1084 203 1288 44 1334 2 1340 201 1544 44 1597 200 1798 1 1800 45 1853 200 2054 46 2106 1 2109 199 2309 48 2361 252 2618 201 2820 50 2872 202 3076 254 3332 255 3590 253 3847 254 4102 2662 6765 3146 9913 253 10168 254 10424 253 10678 250 10929 519 11449 254 11704 1055 12760 1457 14218 129 14349 209 14560 43 14605 6 14612 202 14816 48 14866 252 15122 252 15378 4 15383 246 15633 252 15887 2809 18697 7 18705 248 18955 1 18957 249 19214 248 19471 245 19726 247 19982 245 20228 1 20235 250 20486 1290 21777 266 22045 250 22296 2 22302 248 22555 1 22558 248 22811 252 23066 255 23322 506 23829 782 24614 254 24871 40665
373056,0 3995 3998 251 4254 249 4507 1 4510 245 4757 2 4766 245 5013 2 5020 246 5267 2 5271 1 5277 248 5527 1 5532 249 5782 2 5787 249 6038 255 6294 1287 7582 1260 8843 56693
191621,0 65536
769836,0 108 256 109 512 109 768 110 1024 110 1280 110 1536 111 1792 111 2048 111 2304 112 2560 112 2816 112 3072 113 3328 113 3584 113 3840 114 4096 114 4352 114 4608 115 4864 115 5120 115 5376 116 5632 116 5888 116 6144 117 6400 117 6656 117 6912 118 7168 118 7424 118 7680 119 7936 119 8192 119 8448 120 8704 120 8960 120 9216 121 9472 121 9728 121 9984 122 10240 122 10496 122 10752 123 11008 123 11264 120 11385 2 11520 124 11776 124 12032 124 12288 125 12544 125 12800 126 13056 126 13312 126 13568 127 13824 127 14080 127 14336 128 14592 128 14848 128 15104 129 15360 129 15616 129 15872 130 16128 130 16384 130 16640 131 16896 131 17152 131 17408 132 17664 132 17920 132 18176 133 18432 133 18688 133 18944 134 19200 134 19456 134 19712 135 19968 135 20224 136 20480 136 20736 136 20992 136 21248 137 21504 137 21760 138 22016 138 22272 138 22528 138 22784 139 23040 139 23296 140 23552 140 23808 140 24064 141 24320 141 24576 141 24832 142 25088 142 25344 142 25600 143 25856 143 26112 143 26368 144 26624 144 26880 144 27136 145 27392 145 27648 145 27904 146 28160 146 28416 146 28672 147 28928 147 29184 147 29440 148 29696 148 29952 148 30208 149 30464 149 30720 150 30976 150 31232 150 31488 151 31744 151 32000 151 32256 152 32512 152 32768 152 33024 153 33280 153 33536 153 33792 154 34048 154 34304 154 34560 155 34816 155 35072 155 35328 156 35584 156 35840 156 36096 157 36352 157 36608 158 36864 158 37120 158 37376 158 37632 159 37888 159 38144 159 38400 160 38656 160 38912 160 39168 161 39424 161 39680 161 39936 162 40192 162 40448 162 40704 163 40960 163 41216 164 41472 164 41728 164 41984 164 42240 165 42496 165 42752 166 43008 166 43264 166 43520 167 43776 167 44032 167 44288 168 44544 168 44800 168 45056 169 45312 169 45568 169 45824 170 46080 170 46336 170 46592 171 46848 171 47104 171 47360 172 47616 172 47872 172 48128 173 48384 173 48640 174 48896 174 49152 174 49408 175 49664 175 49920 175 50176 176 50432 176 50688 176 50944 177 51200 177 51456 177 51712 178 51968 178 52224 178 52480 179 52736 179 52992 179 53248 180 53504 180 53760 180 54016 181 54272 181 54528 182 54784 182 55040 182 55296 182 55552 183 55808 183 56064 183 56320 184 56576 184 56832 184 57088 185 57344 185 57600 185 57856 186 58112 186 58368 186 58624 187 58880 187 59136 187 59392 188 59648 188 59904 189 60160 189 60416 189 60672 190 60928 190 61184 190 61440 191 61696 191 61952 191 62208 192 62464 192 62720 192 62976 193 63232 193 63488 193 63744 194 64000 194 64256 194 64512 191 64704 3 64768 192 64961 2 65024 196 65280 196
000080,256 2 513 1 33564 6 33819 8 34074 10 34330 11 34587 10 34843 10 35099 10 35355 9 35611 10 35868 10 36128 7 36384 7 36640 8 36896 7 37152 7 37408 6 37666 3 48975 1 49206 2 49230 5 49461 4 49485 6 49716 6 49740 1 49743 4 49972 5 49999 3 50228 5 50251 1 50253 1 50256 1 50485 3 50507 1 50762 3 51019 4 57958 4 58212 7 58467 9 58723 9 58978 10 59234 10 59491 9 59747 8 60004 7 60263 2
255544,0 15104 15105 255 15361 255 15617 255 15873 255 16129 255 16386 254 16642 254 16899 253 17154 254 17411 253 17667 253 17923 253 18181 251 18437 251 18692 252 18948 252 19205 251 19461 1 19463 249 19719 249 19975 249 20230 250 20486 1 20488 248 20743 249 20999 1 21001 247 21257 247 21513 247 21768 248 22024 248 22281 247 22537 247 22793 247 23050 246 23306 246 23562 246 23819 245 24076 244 24333 243 24588 244 24844 1 24846 242 25101 243 25359 241 25615 241 25871 241 26126 242 26382 1 26384 240 26639 241 26897 239 27153 239 27409 239 27664 1 27666 238 27922 238 28178 238 28435 237 28691 237 28947 237 29202 1 29204 236 29458 1 29460 236 29716 236 29973 235 30229 235 30485 235 30740 1 30742 234 30996 1 30998 234 31253 235 31511 233 31767 233 32023 233 32278 234 32534 1 32536 232 32791 233 33047 233 33305 231 33561 231 33816 232 34072 1 34074 230 34329 231 34585 231 34841 1 34843 229 35099 229 35354 230 35610 1 35612 228 35867 229 36125 227 36381 227 36637 227 36892 228 37148 1 37150 226 37405 227 37661 227 37917 227 38174 226 38430 226 38686 226 38943 225 39199 225 39455 225 39712 224 39968 224 40224 224 40481 223 40737 223 40993 1 40995 221 41251 221 41506 222 41762 1 41764 220 42019 221 42277 219 42533 219 42789 219 43044 1 43046 218 43300 1 43302 218 43557 219 43815 217 44071 217 44327 217 44582 1 44584 216 44840 216 45095 217 45353 215 45609 215 45865 215 46120 1 46122 214 46377 215 46633 1 46635 213 46889 1 46891 213 47147 213 47402 214 47658 1 47660 212 47915 213 48171 1 48173 211 48429 211 48685 211 48941 211 49196 1 49198 210 49453 211 49709 211 49965 1 49967 209 50223 209 50478 210 50734 1 50736 208 50991 209 51247 209 51503 1 51505 207 51761 207 52016 208 52272 208 52529 207 52785 207 53041 1 53043 205 53299 205 53554 206 53810 206 54067 205 54323 205 54579 1 54581 203 54837 203 55092 204 55348 1 55350 202 55605 203 55861 203 56117 1 56119 201 56375 201 56630 202 56886 1 56888 200 57143 201 57399 1 57401 199 57655 1 57657 199 57913 199 58168 200 58424 1 58426 198 58681 199 58937 1 58939 197 59193 1 59195 197 59451 197 59706 198 59962 1 59964 196 60219 197 60475 1 60477 195 60731 1 60733 195 60989 195 61244 196 61500 1 61502 194 61757 195 62013 195 62269 1 62271 193 62527 193 62782 194 63038 1 63040 192 63295 193 63551 193 63807 1 63809 191 64065 191 64320 192 64576 192 64833 191 65089 191 65347 189
672675,0 2050 2053 254 2311 251 2563 1 2566 3 2570 248 2826 248 3075 1 3083 247 3331 1 3337 249 3593 248 3849 249 4102 1 4104 250 4359 253 4616 250 4870 4361 9232 255 9489 254 9744 2556 12304 252 12560 253 12816 1 12818 251 13072 1 13074 252 13327 1 13330 1008 14340 254 14596 252 14849 1 14851 2 14854 250 15105 258 15364 197 15563 55 15622 196 15819 55 15875 2 15878 255 16136 198 16335 51 16387 1 16393 206 16606 34 16641 1 16648 206 16858 1 16862 1 16864 35 16900 1 16904 204 17118 37 17157 207 17372 39 17414 207 17627 194 17822 54 17882 23 17907 117 18025 89 18115 17 18133 1 18137 22 18163 155 18319 1 18321 68 18392 7 18400 13 18414 3 18419 226 18646 9 18657 168 18828 48 18877 22 18902 7 18911 1 18915 218 19134 21 19158 7 19168 1 19170 1 19172 123 19296 125 19422 129 19552 1 19554 124 19680 1 19682 126 19809 128 19938 126 20065 129 20196 1 20198 496 20695 1 20698 252 20954 246 21204 4 21211 128 21341 113 21460 3 21464 3 21471 123 21596 96 21696 15 21713 1 21716 3 21721 3 21729 117 21849 2 21852 95 21951 11 21963 5 21969 2 21972 128 22101 2 22106 1 22109 93 22207 11 22220 4 22227 130 22363 1 22365 94 22462 14 22477 3 22482 98 22582 31 22615 1 22618 8 22627 7 22636 203 22840 28 22869 3 22874 16 22893 111 23005 85 23094 7 23103 7 23111 18 23130 5 23137 3 23141 2 23148 110 23260 87 23356 34 23393 3 23400 26 23432 76 23509 5 23515 89 23610 23 23634 16 23651 1 23655 29 23686 2 23690 1 23692 169 23865 15 23881 9 23892 48 23943 2 23947 68 24016 104 24121 28 24151 45 24200 205 24407 46 24454 206 24663 118 24782 135 24919 118 25038 1 25040 133 25175 116 25294 63 25362 66 25431 71 25503 42 25549 132 25685 1 25687 70 25760 39 25805 132 25941 65 26009 4 26014 41 26061 65 26129 65 26195 1 26197 64 26264 32 26297 13 26317 77 26395 121 26523 43 26572 72 26645 4 26651 122 26775 3 26780 42 26827 73 26901 2 26906 20 26928 132 27061 17 27082 74 27158 1 27160 22 27183 1 27185 114 27300 34 27335 1 27338 74 27414 1 27419 20 27442 37 27481 107 27589 1 27591 77 27672 1 27675 21 27699 32 27734 1 27738 97 27836 8 27845 1 27847 79 27928 1 27930 22 27956 31 27990 2 27995 96 28092 89 28183 23 28213 31 28247 1 28251 187 28440 25 28469 31 28508 54 28563 160 28727 30 28765 109 28875 3 28879 96 28978 3 28983 31 29021 44 29066 65 29135 97 29233 4 29238 1 29240 31 29274 2 29277 43 29329 56 29393 95 29489 39 29530 50 29583 57 29646 1 29648 137 29786 110 29902 97 30000 152 30158 251 30414 484 30899 255 31156 112 31269 139 31414 2 31417 1 31419 246 31671 5 31677 16 31694 2 31698 93 31793 129 31927 22 31955 94 32050 130 32183 23 32208 230 32439 109 32550 81 32637 2 32640 163 32804 85 32893 1 32897 251 33153 64 33219 13 33233 86 33320 85 33408 62 33471 1 33475 100 33576 85 33664 62 33729 2 33732 10 33743 175 33919 62 33985 2 33988 250 34242 253 34498 255 34754 428 35185 81 35267 169 35440 83 35525 255 35781 698 36480 255 36737 158 36896 95 36994 252 37250 158 37410 93 37507 156 37666 95 37762 156 37922 3 37927 1 37931 249 38182 1 38187 26 38216 219 38438 1 38444 24 38473 1 38475 1 38477 15 38495 4 38502 184 38687 4 38699 27 38727 7 38735 15 38753 2 38756 187 38946 2 38950 60 39011 187 39199 1 39201 1 39205 11 39218 42 39261 195 39459 14 39477 38 39517 195 39715 12 39732 237 39971 11 39987 38 40027 211 40241 39 40282 1068 41351 154 41506 507 42014 255 42270 359 42632 254 42888 250 43140 253 43399 248 43648 1 43653 264 43918 250 44171 2 44174 251 44427 138 44567 114 44683 138 44823 251 45075 3 45079 509 45589 255 45845 1541 47387 3 47392 251 47649 249 47904 248 48158 250 48414 247 48670 245 48925 246 49173 1 49177 250 49430 116 49548 1 49551 129 49682 2 49685 118 49806 253 50061 52 50114 201 50317 52 50370 252 50624 1 50627 9 50637 241 50886 6 50893 241 51135 255 51391 206 51598 508 52107 258 52366 3 52370 127 52498 2 52501 249 52755 1 52757 237 52995 13 53011 1 53013 98 53112 138 53251 2 53254 9 53267 239 53507 7 53515 6 53523 247 53772 2 53776 2 53781 243 54037 97 54135 23 54162 1 54164 116 54290 101 54392 12 54406 8 54417 123 54547 114 54666 4 54673 232 54906 11 54921 241 55164 250 55416 3 55421 6 55428 243 55673 2 55678 4 55685 32 55718 209 55930 1 55934 4 55941 30 55972 210 56186 1 56189 3 56196 240 56438 1 56446 1 56451 240 56700 1 56704 1 56706 241 56951 1 56960 244 57216 242 57472 244 57724 249 57980 246 58227 2 58235 246 58482 254 58738 253 58994 18 59013 6281 65298 238
000093,0 65536
000023,0 41 108 43 240 13 255 1 257 39 364 43 496 16 513 40 621 3 627 36 752 16 769 41 883 35 1008 16 1026 41 1139 35 1215 4 1264 16 1282 42 1395 35 1469 8 1520 16 1538 43 1651 35 1722 12 1777 15 1795 42 1908 35 1976 15 2034 14 2052 41 2164 35 2228 19 2290 14 2309 40 2420 35 2483 20 2547 13 2566 40 2676 35 2738 22 2803 13 2822 40 2907 2 2932 35 2993 24 3059 13 3078 40 3162 1 3189 33 3249 25 3315 13 3334 41 3445 33 3505 26 3571 13 3590 41 3701 32 3761 34 3827 13 3847 7 3857 30 3957 31 4014 41 4082 14 4104 3 4114 29 4213 31 4269 45 4338 14 4371 28 4469 31 4525 50 4594 14 4628 27 4725 31 4781 56 4850 14 4885 26 4981 31 5036 59 5106 14 5142 25 5237 30 5292 60 5363 13 5399 24 5493 29 5547 62 5619 13 5657 23 5749 28 5803 63 5874 14 5914 22 6005 28 6058 64 6129 15 6171 5 6180 13 6261 27 6314 65 6385 15 6437 12 6516 27 6570 66 6641 15 6694 11 6772 26 6826 67 6899 13 6952 9 7027 27 7082 68 7155 13 7210 6 7283 27 7338 68 7411 13 7467 4 7539 28 7594 68 7667 13 7795 28 7838 3 7850 22 7874 44 7922 14 8051 29 8093 5 8106 21 8130 44 8178 14 8306 30 8349 6 8363 20 8387 42 8434 14 8562 30 8605 7 8620 19 8644 40 8690 14 8818 30 8861 7 8879 16 8902 37 8947 13 9074 31 9117 7 9136 15 9159 35 9203 13 9330 31 9373 7 9394 14 9416 34 9460 12 9586 31 9629 7 9650 14 9673 32 9718 10 9814 2 9842 31 9885 7 9907 13 9930 30 9976 8 10068 5 10098 31 10142 7 10163 13 10187 29 10232 8 10323 8 10333 2 10357 27 10399 9 10421 10 10443 29 10489 7 10578 15 10615 24 10656 11 10679 6 10699 29 10746 6 10833 18 10872 22 10912 13 10954 30 11002 6 11089 20 11128 22 11168 17 11210 31 11258 6 11344 23 11386 19 11424 20 11466 32 11515 5 11540 2 11598 27 11649 2 11652 8 11680 21 11722 32 11772 4 11796 3 11852 31 11911 3 11936 22 11979 31 12030 2 12052 3 12108 33 12192 22 12235 32 12269 5 12364 33 12448 22 12491 41 12620 34 12704 23 12747 41 12876 37 12960 23 13004 41 13133 38 13215 24 13261 20 13289 12 13390 38 13470 25 13527 1 13545 13 13646 39 13724 27 13801 13 13902 39 13979 28 14058 13 14157 40 14234 29 14299 4 14313 14 14413 40 14488 31 14553 9 14569 14 14669 40 14741 34 14807 13 14825 14 14925 40 14996 35 15062 16 15080 15 15180 40 15251 36 15317 34 15436 40 15507 36 15572 36 15691 40 15762 36 15828 36 15946 41 16018 36 16084 37 16202 40 16273 36 16340 37 16458 40 16528 30 16561 2 16596 38 16715 39 16783 32 16853 37 16971 39 17039 33 17110 36 17187 8 17227 39 17295 36 17367 34 17442 11 17483 39 17551 38 17624 32 17697 13 17739 38 17807 42 17881 30 17952 15 17994 39 18064 42 18139 26 18208 15 18250 39 18320 45 18396 25 18463 16 18506 39 18576 46 18653 24 18719 16 18737 6 18763 38 18832 48 18910 23 18974 29 19019 44 19088 49 19167 23 19230 30 19275 45 19344 49 19394 5 19423 24 19486 31 19531 46 19600 56 19680 23 19741 32 19788 45 19857 56 19936 24 19997 33 20044 46 20113 56 20193 23 20253 33 20301 45 20369 56 20450 23 20508 34 20558 18 20580 23 20625 56 20707 23 20764 35 20815 15 20838 21 20881 40 20925 13 20963 28 21020 36 21073 11 21097 19 21118 2 21137 39 21180 14 21220 28 21276 36 21331 1 21353 19 21373 3 21393 38 21436 14 21476 28 21532 37 21609 19 21629 3 21649 37 21692 14 21732 28 21788 37 21865 20 21904 37 21948 14 21989 27 22042 39 22120 20 22159 38 22204 14 22245 27 22296 41 22376 19 22413 40 22460 13 22500 28 22551 42 22631 20 22668 42 22716 13 22755 28 22806 44 22888 18 22924 45 22972 13 23011 26 23061 45 23144 17 23179 48 23228 12 23266 25 23317 45 23400 16 23434 61 23520 26 23572 46 23656 10 23689 60 23772 30 23828 22 23855 19 23913 7 23944 52 23997 6 24027 30 24084 22 24111 19 24170 4 24200 52 24282 30 24341 21 24368 18 24456 51 24538 30 24597 20 24624 18 24712 51 24793 31 24854 18 24880 18 24969 50 25048 33 25111 16 25137 16 25226 49 25304 34 25369 13 25394 14 25485 6 25494 37 25560 34 25628 9 25650 12 25728 8 25751 36 25815 36 25886 6 25907 9 25982 10 26009 33 26071 37 26164 7 26237 10 26268 30 26327 37 26421 4 26492 11 26526 27 26583 37 26746 12 26771 2 26785 23 26840 37 27001 12 27026 4 27041 11 27056 6 27096 37 27248 2 27252 16 27282 4 27297 10 27353 37 27501 22 27537 5 27553 11 27609 37 27756 23 27794 4 27809 12 27866 35 28011 23 28065 12 28122 35 28267 23 28321 12 28378 34 28474 4 28524 23 28578 10 28635 32 28728 8 28780 24 28835 9 28892 29 28935 2 28983 10 29037 24 29092 6 29148 29 29190 5 29238 11 29294 24 29405 27 29446 5 29494 11 29551 24 29661 27 29702 5 29749 12 29807 25 29917 28 29958 5 30005 11 30060 1 30064 24 30173 29 30214 4 30261 10 30313 31 30429 29 30518 7 30558 4 30568 31 30685 21 30708 7 30812 8 30823 32 30941 21 30964 6 31057 4 31068 9 31078 32 31197 21 31221 5 31312 7 31323 42 31453 21 31567 53 31708 22 31823 51 31965 21 32079 52 32221 22 32335 55 32478 22 32591 59 32734 22 32847 61 32992 20 33102 63 33249 20 33358 65 33506 19 33614 37 33652 28 33762 19 33870 35 33909 28 33950 6 34018 20 34127 33 34164 31 34204 9 34274 20 34383 32 34420 36 34459 10 34530 20 34639 30 34676 49 34785 22 34895 30 34931 50 35040 23 35151 30 35187 50 35296 22 35373 6 35407 29 35442 50 35552 22 35628 9 35662 30 35697 51 35808 22 35884 10 35919 28 35953 50 36064 21 36132 3 36140 13 36175 26 36209 50 36320 20 36386 6 36395 16 36432 23 36466 48 36518 3 36522 5 36575 21 36640 28 36688 22 36723 47 36772 13 36805 4 36831 21 36894 31 36946 18 36980 45 37028 18 37060 6 37087 20 37149 32 37204 3 37212 6 37237 44 37283 20 37315 9 37344 19 37405 32 37494 42 37538 22 37570 10 37600 19 37661 32 37750 41 37793 24 37825 12 37856 18 37917 31 38006 38 38049 27 38078 16 38098 4 38113 16 38173 30 38261 39 38305 45 38352 8 38369 15 38429 28 38517 39 38561 57 38627 12 38685 26 38773 39 38816 58 38884 9 38941 26 39030 39 39072 59 39197 26 39286 13 39302 23 39328 59 39454 25 39542 12 39560 22 39584 60 39710 25 39798 10 39817 21 39840 61 39966 24 40055 8 40074 20 40096 61 40222 24 40255 6 40313 3 40330 20 40352 61 40479 25 40508 12 40586 19 40609 60 40735 9 40746 32 40842 18 40865 60 40993 5 41004 30 41098 17 41123 58 41262 28 41354 17 41379 58 41465 5 41519 28 41612 15 41636 28 41669 24 41719 9 41776 27 41869 13 41893 29 41925 23 41974 10 42033 25 42126 11 42151 26 42181 23 42229 11 42290 24 42382 11 42407 26 42435 24 42484 12 42547 23 42638 9 42663 52 42740 12 42804 22 42895 6 42918 52 42995 13 43061 20 43083 2 43152 3 43171 55 43251 13 43318 31 43408 3 43425 56 43507 13 43575 31 43664 5 43681 21 43712 24 43763 13 43831 16 43848 15 43919 8 43937 17 43969 23 44019 13 44088 14 44104 16 44152 6 44175 10 44192 16 44225 22 44276 12 44345 13 44360 16 44407 8 44431 32 44480 23 44532 12 44600 14 44616 16 44663 11 44687 31 44736 22 44788 12 44856 13 44872 16 44918 16 44943 31 44992 22 45044 12 45112 12 45128 16 45174 16 45198 31 45248 22 45300 12 45368 11 45384 16 45429 17 45453 25 45480 4 45505 21 45533 6 45556 11 45624 10 45641 15 45685 17 45709 24 45762 9 45778 3 45788 9 45813 8 45880 9 45898 13 45939 19 45965 24 46043 11 46071 2 46138 6 46154 14 46194 20 46221 24 46299 12 46411 12 46450 19 46476 25 46554 13 46667 12 46706 19 46732 25 46808 15 46924 11 46962 18 46988 25 47062 17 47180 10 47218 16 47244 24 47318 17 47436 9 47474 15 47500 24 47573 17 47692 6 47730 8 47756 24 47830 16 47986 6 48012 24 48087 14 48242 2 48267 25 48344 12 48523 25 48602 8 48690 8 48780 24 48860 3 48945 10 49036 23 49200 12 49213 7 49250 8 49293 22 49455 22 49504 13 49550 20 49708 26 49760 14 49807 33 49964 26 50015 15 50064 34 50219 27 50271 16 50322 2 50329 37 50475 27 50526 17 50584 40 50732 25 50782 16 50839 42 50989 23 51038 16 51094 43 51248 18 51294 14 51348 45 51506 8 51550 13 51603 46 51764 2 51806 12 51858 46 52063 9 52114 45 52319 8 52370 44 52576 6 52625 45 52833 4 52880 46 53136 45 53392 44 53648 44 53904 44 54161 42 54418 41 54674 40 54931 39 55188 38 55445 36 55701 34 55957 32 56214 29 56471 27 56728 24 56846 5 56897 1 56985 21 57101 7 57124 10 57151 9 57241 18 57356 12 57378 14 57407 11 57498 15 57612 13 57632 16 57662 14 57754 14 57868 14 57887 18 57917 19 58012 10 58123 15 58142 22 58173 21 58371 5 58378 16 58397 25 58428 24 58624 26 58653 25 58684 28 58880 25 58909 26 58940 30 59136 23 59164 27 59196 30 59392 21 59420 63 59581 12 59648 19 59676 63 59834 17 59904 13 59932 63 60086 21 60160 11 60187 64 60340 24 60416 10 60443 63 60593 27 60672 8 60699 63 60848 29 60928 6 60954 64 61103 30 61184 1 61187 1 61210 64 61359 21 61382 6 61466 64 61615 20 61639 5 61723 63 61871 19 61901 5 61907 6 61979 63 62127 19 62156 16 62236 61 62383 19 62409 20 62492 12 62505 18 62526 27 62639 18 62664 30 62749 10 62764 14 62783 3 62790 19 62894 19 62920 31 63005 9 63022 11 63047 18 63150 19 63175 33 63261 8 63279 9 63306 14 63405 20 63431 34 63518 6 63536 7 63565 11 63661 20 63687 34 63776 2 63793 4 63822 9 63917 19 63942 36 64080 6 64173 19 64198 36 64429 19 64453 37 64685 19 64709 37 64940 20 64963 40 65196 20 65220 38 65453 19 65475 39
000071, 
919234,0 65536
863998,12027 5 12279 9 12533 11 12787 13 13033 12 13046 10 13283 18 13302 10 13535 33 13786 38 14037 43 14289 47 14541 51 14792 56 15044 60 15295 65 15547 69 15798 74 16049 79 16301 83 16553 87 16804 92 17057 95 17306 102 17558 106 17809 111 18061 115 18312 120 18565 123 18819 125 19072 128 19318 138 19570 142 19821 147 20073 151 20325 155 20577 159 20832 160 21080 168 21334 170 21582 178 21835 181 22089 183 22342 186 22593 2 22599 185 22843 6 22853 187 23096 200 23346 6 23354 198 23596 212 23851 213 24100 1 24105 215 24352 4 24361 215 24601 10 24612 220 24852 1 24854 234 25104 240 25354 246 25607 39929
655919,0 20224 20225 255 20481 255 20737 255 20993 255 21250 254 21506 254 21763 253 22019 253 22275 253 22531 253 22787 253 23043 253 23299 253 23556 252 23812 252 24068 252 24325 251 24581 251 24837 251 25093 251 25349 251 25604 252 25860 1 25862 250 26116 1 26118 250 26374 250 26631 249 26885 1 26887 249 27141 1 27143 243 27388 1 27390 2 27399 239 27641 2 27646 2 27654 237 27903 1 27910 230 28141 1 28144 3 28166 229 28422 227 28679 223 28935 222 29193 219 29447 1 29449 218 29705 215 29962 207 30171 1 30218 200 30474 197 30730 193 30985 176 31163 10 31241 167 31416 1 31420 6 31499 159 31661 3 31755 158 31915 1 32010 159 32266 157 32522 155 32779 153 33034 1 33036 146 33290 1 33292 142 33547 134 33805 129 34061 126 34316 126 34572 121 34828 116 35084 112 35340 108 35597 95 35853 86 35941 2 36109 81 36191 3 36365 80 36621 78 36878 76 37134 74 37390 64 37646 58 37902 52 38159 47 38415 46 38671 40 38927 37 39184 30 39440 29 39698 24 39960 13 40217 6
000083,0 65536
243578,29183 1 29437 3 29693 3 29949 3 30204 4 30457 7 30708 12 30959 2 30962 14 31213 19 31464 3 31468 20 31716 28 31970 30 32222 34 32476 36 32729 39 32982 42 33235 45 33488 48 33741 51 33994 54 34247 57 34500 60 34752 64 35005 67 35259 69 35512 72 35765 75 36019 77 36271 81 36525 83 36778 86 37031 89 37284 92 37537 95 37790 98 38043 101 38296 104 38549 107 38802 110 39055 113 39308 116 39561 119 39814 122 40067 125 40320 128 40573 131 40826 134 41079 137 41332 140 41585 143 41838 146 42091 149 42344 152 42597 155 42850 158 43103 161 43357 163 43610 166 43863 169 44116 172 44369 175 44622 178 44875 181 45128 184 45381 187 45634 190 45887 193 46140 196 46393 199 46647 201 46899 205 47153 207 47405 211 47659 213 47912 216 48165 219 48418 222 48671 225 48924 228 49177 231 49430 234 49683 237 49938 238 50190 3 50194 238 50444 244 50696 3 50700 246 50948 2 50952 253 51206 14330
534649,0 65536
399102,0 65536
104502,0 65536
000015,8 6 230 6 263 7 486 6 520 6 776 6 1032 7 1289 6 1545 7 1802 6 2059 5 2316 4 2572 4 3112 2 3329 1 3367 3 3584 3 3840 4 4096 4 4352 2 4375 3 4629 5 4646 2 4885 4 4899 5 5141 4 5154 5 5397 3 5409 6 5666 3 12836 3 13092 3 13349 1 14467 1 14721 3 14977 3 15233 3 15489 3 15746 4 16003 3 16260 2 16517 3 16773 5 17029 4 17285 4 17410 1 17541 3 17666 1 22323 1 25070 2 25324 6 25579 8 25834 9 26089 10 26345 10 26600 11 26856 11 27112 11 27367 13 27623 13 27879 13 28135 13 28392 12 28648 12 28904 11 29160 10 29417 8 29674 3 34293 5 34548 6 34803 7 35058 8 35314 8 35570 8 35826 7 36083 6 36342 2 36386 4 36641 4 36897 4 37153 3 37410 1 38894 4 39148 13 39166 2 39398 21 39422 2 39652 25 39678 2 39907 29 40162 30 40418 30 40674 30 40930 30 41186 30 41442 30 41698 30 41954 30 42211 29 42468 28 42726 26 42982 26 43238 26 43494 26 43750 26 43927 1 44006 26 44182 3 44262 26 44437 4 44518 26 44693 4 44775 25 44949 3 45031 25 45288 24 45545 23 45802 22 46059 21 46316 20 46573 19 46830 18 47087 17 47344 16 47601 8 47612 4 47870 2 48126 2 48383 1 54014 2 54267 5 54520 8 54775 9 55030 10 55285 11 55539 13 55793 15 56045 19 56299 21 56553 23 56808 24 57062 26 57318 26 57573 27 57829 27 58085 27 58341 27 58597 27 58854 26 59110 26 59366 26 59622 26 59878 26 60133 27 60389 27 60645 27 60901 27 61157 27 61413 27 61669 27 61925 27 62182 26 62438 26 62665 10 62694 26 62920 12 62951 25 63174 15 63207 25 63430 15 63464 24 63684 17 63721 23 63939 18 63978 22 64194 19 64234 22 64450 19 64490 22 64705 20 64747 21 64961 21 65004 20 65217 20 65261 19 65473 21 65517 19
863933,0 65536
386606,0 65536
000001,0 164 175 112 290 120 411 9 430 111 547 120 668 8 686 109 803 129 938 113 1059 130 1191 117 1315 249 1571 249 1826 250 2082 249 2338 248 2594 247 2849 248 3105 247 3361 247 3617 247 3872 248 4128 248 4384 248 4640 247 4896 247 5152 246 5408 245 5665 243 5922 242 6178 242 6434 242 6690 242 6946 242 7202 242 7457 243 7713 223 7937 19 7969 223 8194 18 8225 223 8450 18 8481 223 8708 16 8737 223 8965 14 8993 223 9221 14 9249 223 9478 15 9505 223 9735 16 9755 229 9995 245 10251 245 10507 245 10762 246 11017 247 11273 247 11528 248 11782 3853 15639 252 15897 250 16154 248 16411 247 16662 1 16667 122 16790 124 16917 3 16924 120 17048 121 17172 5 17180 120 17305 120 17429 4 17437 120 17562 118 17686 3 17693 120 17818 118 17949 121 18075 116 18205 122 18330 117 18462 241 18718 240 18974 239 19231 238 19487 239 19743 240 20000 184 20193 46 20256 182 20448 48 20512 181 20702 50 20768 124 20893 7 20901 47 20957 51 21023 125 21159 35 21212 51 21279 125 21420 24 21446 1 21467 51 21536 124 21678 5 21686 12 21722 51 21792 124 21943 11 21978 48 22048 124 22200 10 22233 47 22305 80 22390 37 22456 10 22489 46 22562 77 22646 35 22714 7 22744 45 22818 76 22902 32 23000 44 23074 74 23157 32 23256 44 23330 72 23413 32 23512 42 23586 71 23669 31 23768 40 23826 3 23842 71 23925 29 24024 40 24080 6 24097 72 24181 28 24279 41 24335 7 24351 74 24437 27 24533 43 24591 8 24605 54 24665 16 24694 26 24788 44 24846 9 24861 50 24921 16 24951 25 25043 45 25102 9 25117 39 25160 5 25177 15 25210 22 25299 45 25358 11 25372 39 25417 2 25433 15 25467 22 25554 46 25613 53 25688 15 25724 21 25810 46 25859 3 25869 51 25944 14 25980 21 26066 54 26124 18 26149 26 26199 15 26236 21 26322 76 26407 24 26455 15 26492 21 26578 76 26664 23 26710 15 26748 20 26834 77 26921 23 26966 15 27004 20 27090 78 27178 22 27222 14 27260 19 27346 78 27435 22 27478 13 27516 14 27602 79 27691 22 27734 10 27773 11 27858 79 27948 25 27991 7 28029 10 28114 80 28204 26 28248 4 28286 7 28370 81 28461 26 28544 2 28626 81 28718 25 28882 82 28975 25 29138 82 29232 24 29394 82 29490 22 29650 83 29748 20 29907 82 30004 20 30164 81 30262 1 30266 14 30421 80 30523 12 30677 80 30780 11 30934 79 31037 10 31190 79 31293 9 31447 78 31549 9 31703 78 31804 10 31960 77 32060 10 32216 77 32294 4 32316 9 32474 83 32572 9 32731 83 32829 7 32988 85 33085 6 33244 88 33342 3 33501 88 33759 86 34018 83 34275 83 34531 86 34788 86 35044 87 35237 11 35250 5 35301 88 35491 22 35557 89 35746 24 35813 90 36001 26 36069 91 36237 4 36257 27 36326 91 36492 6 36512 29 36582 92 36747 8 36767 30 36838 92 37002 9 37023 31 37094 93 37257 11 37279 32 37349 95 37513 13 37534 34 37605 96 37768 15 37790 35 37860 98 38023 17 38045 42 38116 98 38278 19 38300 48 38372 99 38532 74 38629 98 38781 82 38886 97 39036 83 39143 96 39290 85 39401 94 39543 88 39659 92 39798 88 39916 90 40053 88 40174 88 40309 88 40431 87 40564 89 40688 86 40820 88 40945 84 41075 89 41201 82 41330 89 41458 80 41584 90 41714 80 41840 88 41971 80 42095 88 42229 79 42351 86 42485 80 42607 81 42741 80 42835 4 42863 79 42996 82 43091 6 43118 47 43167 30 43244 3 43252 82 43346 16 43373 47 43423 29 43495 10 43507 83 43602 17 43627 49 43679 28 43750 96 43858 19 43880 53 43935 8 43947 16 44005 97 44114 75 44190 9 44203 15 44261 96 44370 86 44460 13 44516 96 44626 89 44716 14 44773 95 44881 108 45029 94 45137 109 45285 93 45392 111 45541 92 45647 113 45797 91 45903 113 46053 89 46159 114 46308 88 46416 114 46563 88 46672 114 46819 87 46929 113 47074 89 47186 111 47330 89 47442 110 47586 89 47699 96 47797 10 47841 90 47956 95 48052 10 48097 90 48212 95 48308 9 48353 90 48468 105 48608 91 48725 103 48863 93 48981 103 49118 101 49237 104 49373 103 49494 103 49627 110 49750 104 49882 112 50006 105 50137 114 50263 105 50390 117 50520 104 50643 120 50776 104 50898 121 51032 104 51152 122 51289 102 51405 124 51546 100 51659 126 51802 98 51912 128 52058 97 52165 132 52314 96 52419 135 52571 94 52671 140 52828 93 52926 142 53087 88 53182 143 53345 84 53438 143 53602 75 53678 6 53694 144 53858 72 53951 143 54115 70 54208 142 54372 68 54464 141 54628 68 54721 140 54885 8 54895 56 54977 140 55143 4 55153 54 55233 140 55411 52 55488 141 55668 50 55744 141 55925 49 56000 142 56183 47 56244 5 56256 144 56441 45 56498 8 56512 145 56702 39 56754 9 56768 145 56960 37 57009 10 57024 146 57216 36 57264 12 57280 146 57472 36 57520 12 57536 147 57727 37 57775 13 57792 147 57981 40 58030 15 58048 147 58236 42 58285 17 58304 147 58490 45 58541 166 58745 46 58796 166 59001 47 59052 161 59257 212 59513 212 59770 211 60026 212 60282 217 60540 217 60797 218 61022 5 61055 216 61276 8 61312 228 61572 225 61830 224 62091 220 62312 8 62349 228 62606 228 62862 228 63118 90 63214 133 63374 90 63469 17 63488 115 63629 91 63725 17 63744 124 63883 94 63980 18 64000 125 64139 96 64236 17 64256 129 64394 97 64492 16 64512 130 64650 97 64748 15 64768 130 64907 95 65003 15 65024 130 65163 94 65259 15 65280 131 65420 93 65515 15
000038,0 36870 36874 252 37131 251 37388 249 37644 250 37900 250 38156 250 38412 250 38668 251 38924 251 39180 252 39436 252 39692 252 39948 252 40204 252 40460 252 40715 254 40970 5366 46337 1 46339 253 46597 251 46854 250 47111 249 47367 249 47624 248 47880 248 48137 247 48394 246 48650 246 48907 245 49164 244 49420 244 49677 243 49934 242 50191 241 50448 240 50706 238 50965 235 51221 2 51229 227 51485 3 51489 223 51742 3 51747 221 52000 1 52002 222 52258 222 52513 223 52771 221 53028 220 53285 219 53536 1 53541 219 53793 3 53797 219 54049 223 54306 222 54561 223 54816 224 55071 225 55327 225 55583 225 55840 224 56096 224 56353 223 56609 223 56866 222 57122 222 57379 221 57636 220 57892 220 58149 219 58406 218 58662 218 58919 217 59176 216 59432 216 59689 215 59946 214 60203 213 60460 5 60466 206 60720 8 60729 199 60975 9 60986 198 61232 17 61250 190 61488 208 61744 19 61764 188 62001 207 62257 207 62514 206 62770 206 63027 205 63284 204 63541 203 63745 1 63798 204 64054 204 64311 203 64567 201 64769 1 64823 201 65080 200 65336 200
000060, 
597667,0 65536
990714,0 14301 14302 249 14552 253 14810 3 14814 247 15065 3 15070 247 15320 50216
000064,0 65536
863364,0 6317 6320 3 6324 249 6576 3 6580 245 6827 3 6833 245 7082 4 7089 255 7345 485 7835 22 7859 254 8115 256 8372 255 8628 507 9137 492 9630 2054 11685 4763 16449 254 16706 253 16963 250 17219 245 17466 3 17476 63 17541 3 17546 174 17721 3 17725 1 17727 3 17731 63 17803 176 17980 66 18056 1 18058 172 18231 2 18236 66 18312 174 18487 1 18492 66 18568 174 18743 1 18748 65 18818 3 18822 156 18979 17 18997 2 19004 66 19072 160 19235 1 19238 16 19259 67 19328 182 19511 1 19514 252 19769 254 20024 249 20274 4 20279 252 20532 1 20534 250 20786 1 20790 250 21042 1 21046 250 21297 2 21302 250 21553 3 21557 8969 30530 253 30786 2 30792 246 31042 3 31048 247 31299 253 31553 1 31555 1041 32598 252 32851 2 32855 254 33112 254 33369 253 33626 252 33882 253 34138 253 34394 250 34646 1 34650 250 34907 250 35163 2814 37978 512 38492 255 38749 254 39005 218 39226 33 39262 217 39481 35 39518 218 39737 31 39769 5 39775 250 40026 1281 41309 254 41566 253 41822 252 42079 251 42332 254 42590 253 42845 199 43047 52 43100 200 43303 252 43558 51 43610 201 43812 3365 47178 45 47224 6 47231 2 47234 1 47237 195 47434 52 47488 1 47491 1 47494 194 47689 46 47736 8 47750 3 47755 189 47946 55 48004 1 48006 3 48010 188 48200 43 48244 13 48258 4 48263 191 48456 58 48515 7 48523 186 48710 1 48712 13 48726 51 48779 185 48967 66 49035 184 49222 253 49478 254 49734 10 49749 239 49989 11 50003 254 50258 240 50499 255 50755 27 50783 255 51039 255 51295 259 51556 254 51812 13069 64882 654
732471, 
304629,0 15097 15098 256 15355 770 16126 255 16382 255 16640 249 16890 3 16896 235 17132 3 17137 10 17152 231 17385 1 17387 2 17390 1 17392 11 17406 1 17408 230 17639 1 17646 2 17649 11 17662 1 17664 233 17902 14 17920 228 18150 4 18156 15 18176 227 18405 4 18412 12 18425 2 18428 1 18430 1 18432 226 18660 20 18684 1 18686 227 18914 27 18942 226 19170 23 19195 228 19426 252 19680 257 19938 1307 21246 255 21502 255 21758 1017 22776 259 23037 249 23287 4 23293 248 23543 4 23549 249 23802 1 23805 249 24058 1 24061 247 24314 251 24570 253 24824 761 25586 778 26366 255 26623 251 26875 2 26880 250 27133 1 27135 252 27390 253 27644 1 27646 10710 38358 252 38615 249 38871 249 39126 250 39378 1 39380 2569 41950 522 42473 255 42729 17 42748 253 43004 253 43260 5118 48381 253 48635 254 48892 252 49150 249 49407 248 49663 247 49919 247 50174 249 50430 1 50432 246 50686 1 50688 249 50939 4 50944 3044 53990 3823 57816 255 58072 6690 64763 773
000004,0 65536
846389,0 65536
839719,0 65536
000029, 
000055,1 1 3 1 5 1 7 249 257 1 259 1 263 249 513 1 515 253 771 1 775 6 784 242 1027 1 1033 3 1041 243 1288 3 1296 253 1551 63985
925045,0 65536
000054,0 65536
529350,48 208 304 208 560 208 816 208 1072 208 1329 207 1585 207 1841 207 2097 207 2353 207 2610 206 2866 206 3122 206 3378 206 3635 205 3891 205 4147 205 4403 205 4659 205 4916 204 5172 204 5428 204 5684 204 5941 203 6197 203 6453 203 6709 203 6965 203 7222 202 7478 202 7734 202 7990 202 8246 202 8503 201 8759 201 9015 1 9017 199 9271 201 9528 200 9784 200 10040 200 10296 200 10552 200 10808 200 11065 199 11321 199 11577 1 11579 197 11833 1 11835 197 12090 198 12346 198 12602 198 12859 197 13114 1 13116 196 13370 1 13372 196 13627 197 13885 195 14141 195 14397 195 14652 196 14909 195 15165 195 15422 194 15678 194 15934 194 16190 194 16447 193 16703 193 16959 193 17214 194 17471 193 17727 193 17984 192 18238 1 18240 192 18496 192 18752 192 19009 191 19263 1 19265 191 19521 191 19777 191 20033 191 20290 190 20544 1 20546 190 20801 191 21057 191 21315 45 21361 143 21569 1 21571 189 21827 189 22083 189 22339 189 22595 189 22852 188 23106 1 23108 188 23364 188 23620 188 23876 188 24133 187 24387 1 24389 187 24644 188 24901 187 25156 188 25412 1 25414 186 25670 186 25926 186 26181 1 26183 185 26437 1 26439 185 26693 1 26695 185 26950 186 27206 186 27463 185 27719 185 27976 184 28232 184 28488 184 28745 183 29001 183 29257 183 29512 184 29769 183 30025 183 30280 1 30282 182 30536 1 30538 182 30793 183 31050 182 31307 181 31563 181 31819 181 32075 181 32331 181 32588 180 32844 180 33101 179 33358 178 33613 179 33869 179 34125 179 34381 179 34636 180 34894 37 34932 140 35150 37 35188 140 35406 178 35662 178 35918 178 36175 177 36431 177 36687 177 36943 177 37200 176 37456 176 37710 1 37712 176 37966 1 37968 176 38224 176 38480 176 38737 175 38991 1 38993 175 39247 177 39504 176 39760 176 40016 176 40272 176 40528 176 40785 175 41041 175 41297 1 41299 173 41553 1 41555 173 41811 173 42066 174 42323 173 42578 174 42834 1 42836 172 43092 172 43348 172 43604 172 43861 171 44117 171 44373 171 44629 171 44885 171 45141 171 45396 1 45398 170 45654 170 45910 170 46166 170 46423 169 46679 169 46934 170 47190 170 47447 169 47702 1 47704 168 47960 168 48216 168 48473 167 48729 167 48985 167 49241 167 49496 168 49753 167 50009 167 50266 166 50522 166 50778 166 51034 166 51291 165 51547 165 51802 166 52058 166 52315 165 52571 165 52827 165 53082 1 53084 164 53340 164 53596 164 53853 163 54109 163 54364 164 54620 164 54876 164 55132 164 55388 164 55645 163 55901 163 56158 162 56413 1 56415 161 56669 1 56671 161 56927 161 57183 161 57439 161 57694 162 57950 1 57952 160 58208 160 58464 160 58719 161 58975 1 58977 159 59231 1 59233 159 59489 159 59745 159 60001 159 60256 160 60512 1 60514 158 60770 158 61026 158 61282 158 61539 157 61794 158 62050 158 62306 158 62563 157 62818 158 63074 158 63331 157 63587 79 63668 76 63843 1 63845 155 64099 157 64356 156 64612 156 64868 156 65124 156 65381 155
524214,0 65536
904357,0 63576 63577 1959
418853,0 65536
349461,0 65536
000065, 
000008,32 43 104 9 152 8 194 49 288 42 360 9 408 8 450 49 544 43 616 9 664 8 706 49 801 43 872 9 921 6 962 49 1058 43 1128 10 1179 3 1218 49 1314 43 1383 11 1474 49 1571 43 1639 11 1730 50 1827 43 1895 11 1986 51 2083 44 2128 2 2151 11 2242 52 2340 47 2408 10 2497 54 2597 47 2664 9 2753 54 2853 48 2921 7 3008 55 3109 49 3178 4 3264 55 3364 51 3434 3 3520 55 3612 4 3618 55 3776 55 3863 66 4032 55 4117 69 4288 56 4372 71 4479 5 4544 39 4585 17 4627 73 4733 8 4778 2 4800 38 4841 18 4883 74 4988 10 5031 8 5055 39 5096 19 5138 77 5242 13 5286 14 5310 61 5394 80 5498 14 5536 22 5566 61 5650 82 5752 17 5789 28 5821 62 5906 85 6008 17 6044 29 6076 62 6162 86 6263 19 6299 95 6418 87 6519 18 6554 95 6674 87 6774 19 6810 94 6931 86 7030 19 7065 95 7187 85 7286 19 7321 94 7443 85 7542 19 7575 96 7699 84 7798 18 7830 97 7955 83 8054 18 8086 96 8210 84 8310 9 8325 1 8341 97 8457 4 8464 86 8565 10 8597 97 8704 103 8820 6 8829 1 8853 97 8960 103 9075 7 9108 97 9216 103 9331 7 9363 98 9472 103 9587 7 9618 98 9728 103 9844 5 9874 97 9984 103 10102 2 10130 96 10240 102 10386 95 10496 102 10643 93 10752 101 10899 93 11008 101 11156 92 11264 100 11413 91 11520 100 11670 90 11776 99 11926 90 12032 98 12182 90 12288 98 12439 89 12544 98 12695 89 12800 98 12952 89 13056 98 13209 89 13312 98 13466 89 13568 98 13723 89 13824 99 13982 86 14080 99 14238 86 14336 99 14493 87 14592 99 14749 86 14848 99 15004 85 15104 99 15260 84 15360 99 15478 5 15515 83 15616 100 15728 12 15771 83 15872 100 15983 19 16027 82 16128 100 16238 21 16283 82 16384 100 16494 23 16540 81 16640 100 16750 24 16796 81 16896 101 17005 26 17053 80 17152 101 17261 26 17311 78 17408 102 17517 27 17568 77 17664 102 17773 28 17825 76 17920 103 18029 28 18085 71 18176 104 18285 29 18340 72 18432 105 18541 29 18578 2 18591 3 18596 71 18688 106 18796 30 18832 5 18846 76 18944 139 19087 7 19101 76 19200 151 19356 75 19456 151 19612 74 19704 2 19712 151 19867 75 19959 5 19968 151 20122 75 20214 7 20224 152 20377 76 20469 8 20480 229 20724 9 20736 228 20980 8 20992 228 21236 8 21248 228 21492 8 21504 229 21737 6 21747 9 21760 229 21990 10 22003 9 22016 252 22272 252 22528 252 22784 252 23040 252 23296 251 23552 245 23808 244 24064 244 24320 243 24576 243 24832 243 25088 242 25344 242 25600 241 25856 241 26112 240 26368 238 26624 238 26880 237 27136 237 27392 236 27648 236 27904 236 28160 235 28416 235 28672 235 28928 234 29184 125 29315 103 29440 125 29572 102 29696 121 29827 103 29952 120 30083 102 30208 119 30338 103 30464 118 30593 103 30720 117 30849 102 30976 116 31104 102 31232 115 31360 102 31488 116 31614 104 31744 116 31868 105 32000 117 32123 106 32242 6 32256 117 32378 107 32497 8 32512 117 32634 106 32752 9 32770 115 32889 107 33008 10 33027 115 33144 108 33264 10 33284 114 33399 109 33521 9 33540 96 33639 5 33646 118 33778 8 33796 88 33902 117 34034 8 34053 86 34157 116 34291 7 34304 1 34308 86 34413 114 34547 8 34560 79 34668 115 34803 8 34816 69 34924 114 35059 9 35072 68 35178 115 35315 10 35328 67 35433 115 35571 10 35584 66 35688 114 35827 10 35840 66 35943 115 36084 10 36096 64 36198 116 36340 75 36454 117 36597 73 36709 118 36854 71 36965 118 37113 67 37220 120 37369 66 37476 120 37626 65 37724 1 37732 120 37882 64 37988 120 38140 62 38244 119 38400 57 38501 117 38656 56 38758 102 38866 7 38912 55 39014 100 39163 58 39270 100 39411 65 39526 99 39667 64 39772 4 39782 99 39922 64 40027 6 40037 100 40178 14 40193 47 40282 8 40293 101 40434 14 40450 42 40527 20 40548 102 40689 15 40707 37 40781 125 40939 4 40945 15 40963 36 41037 125 41194 22 41219 35 41292 126 41449 23 41475 33 41548 126 41705 23 41731 32 41804 126 41961 23 41988 30 42061 126 42218 22 42245 28 42317 126 42474 22 42503 23 42574 125 42730 22 42762 18 42830 126 42986 22 43019 15 43087 126 43241 23 43276 12 43345 124 43497 23 43532 7 43602 123 43754 22 43789 5 43859 121 44010 21 44119 8 44128 108 44268 18 44376 4 44386 105 44525 17 44642 104 44782 15 44898 104 45038 14 45155 102 45295 12 45411 103 45551 10 45668 103 45808 7 45925 104 46065 1 46181 105 46438 105 46694 105 46950 105 47178 1 47206 104 47432 5 47461 105 47675 5 47687 7 47717 104 47927 10 47942 9 47972 103 48181 13 48198 10 48228 102 48436 13 48454 10 48482 105 48691 14 48709 12 48737 107 48886 3 48946 16 48965 12 48992 108 49141 6 49150 2 49202 15 49220 12 49248 109 49391 17 49457 16 49476 12 49503 110 49644 20 49712 17 49732 11 49759 109 49899 21 49968 30 50015 109 50154 22 50220 33 50271 71 50344 36 50409 23 50465 5 50473 34 50527 72 50601 34 50663 25 50720 43 50783 72 50857 33 50918 26 50975 44 51038 107 51173 27 51231 45 51293 106 51429 27 51483 49 51547 107 51685 27 51735 53 51800 110 51942 26 51989 54 52053 113 52198 26 52244 55 52308 114 52454 26 52492 63 52564 115 52710 26 52747 63 52820 117 52956 1 52962 30 53002 64 53075 123 53209 39 53258 65 53331 125 53464 40 53514 64 53586 128 53719 41 53770 64 53842 129 53975 41 54026 64 54097 131 54230 42 54282 64 54351 134 54486 42 54537 65 54605 136 54742 42 54793 204 54999 41 55049 204 55256 40 55305 204 55512 40 55560 205 55768 40 55816 204 56024 40 56072 204 56279 41 56328 204 56534 42 56584 204 56790 42 56840 248 57096 248 57352 248 57609 247 57865 247 58122 246 58379 245 58636 244 58893 243 59150 242 59406 242 59663 9 59674 230 59920 7 59931 229 60177 4 60187 229 60443 229 60698 230 60953 231 61209 231 61465 231 61722 230 61978 230 62236 228 62493 227 62750 226 63007 225 63264 224 63522 222 63779 221 64035 221 64291 221 64547 221 64803 221 65058 222 65314 222
268600,0 65536
972712,0 65536
636648,0 125 256 126 512 126 768 123 893 1 1024 123 1149 2 1280 124 1406 1 1536 124 1792 124 1917 2 2048 125 2174 1 2304 125 2430 2 2560 125 2686 2 2816 128 3072 125 3199 1 3328 125 3455 2 3584 126 3711 2 3840 126 4096 126 4224 1 4352 126 4480 1 4608 127 4736 2 4864 127 4992 2 5120 127 5249 1 5376 127 5505 1 5632 127 5761 2 5888 128 6017 2 6144 128 6274 1 6400 128 6529 2 6656 131 6912 132 7168 132 7424 132 7680 132 7936 133 8192 133 8448 130 8579 2 8704 130 8835 2 8960 133 9216 133 9472 131 9604 2 9728 134 9984 132 10117 1 10240 132 10373 2 10496 135 10752 132 10886 1 11008 132 11264 135 11520 133 11654 1 11776 133 11910 1 12032 136 12288 133 12423 1 12544 133 12679 2 12800 137 13056 134 13192 1 13312 134 13568 137 13824 137 14080 135 14216 2 14336 138 14592 136 14729 1 14848 135 14985 2 15104 139 15360 136 15498 1 15616 136 15753 2 15872 140 16128 140 16384 140 16640 140 16896 140 17152 141 17408 141 17664 141 17920 142 18176 142 18432 142 18688 142 18944 142 19200 142 19456 143 19712 143 19968 143 20224 143 20480 143 20736 144 20992 141 21134 2 21248 144 21504 141 21647 1 21760 141 21903 1 22016 141 22158 3 22272 142 22415 2 22528 142 22671 2 22784 145 23040 146 23296 143 23440 2 23552 146 23808 144 23953 1 24064 143 24209 2 24320 147 24576 147 24832 144 24977 2 25088 144 25233 2 25344 147 25600 148 25856 148 26112 148 26368 145 26515 1 26624 146 26771 2 26880 146 27027 2 27136 146 27284 1 27392 146 27539 2 27648 149 27904 147 28052 2 28160 150 28416 150 28672 148 28821 1 28928 148 29077 2 29184 148 29334 1 29440 148 29590 1 29696 151 29952 151 30208 151 30464 152 30720 152 30976 149 31127 1 31232 150 31383 2 31488 153 31744 150 31895 2 32000 150 32151 2 32256 153 32512 153 32768 154 33024 154 33280 151 33433 1 33536 152 33689 2 33792 155 34048 155 34304 152 34457 2 34560 155 34816 155 35072 156 35328 156 35584 156 35840 157 36096 157 36352 157 36608 154 36763 2 36864 157 37120 157 37376 158 37632 158 37888 156 38045 1 38144 156 38301 2 38400 159 38656 156 38813 2 38912 156 39069 1 39168 159 39424 159 39680 157 39838 2 39936 160 40192 157 40351 1 40448 157 40607 1 40704 161 40960 158 41120 1 41216 158 41375 2 41472 161 41728 161 41984 159 42144 2 42240 162 42496 162 42752 163 43008 163 43264 163 43520 164 43776 164 44032 164 44288 164 44544 164 44800 164 45056 165 45312 165 45568 165 45824 165 46080 165 46336 166 46592 166 46848 166 47104 166 47360 164 47525 1 47616 164 47781 2 47872 167 48128 164 48293 2 48384 167 48640 167 48896 168 49152 168 49408 168 49664 166 49831 1 49920 166 50087 2 50176 169 50432 166 50600 1 50688 166 50855 2 50944 169 51200 170 51456 170 51712 170 51968 168 52137 1 52224 171 52480 171 52736 171 52992 168 53161 2 53248 171 53504 172 53760 172 54016 172 54272 172 54528 170 54699 2 54784 173 55040 171 55212 1 55296 170 55467 2 55552 173 55808 173 56064 174 56320 174 56576 172 56749 1 56832 172 57005 2 57088 175 57344 172 57518 1 57600 172 57773 2 57856 175 58112 175 58368 176 58624 176 58880 176 59136 177 59392 177 59648 177 59904 177 60160 177 60416 177 60672 178 60928 178 61184 176 61361 1 61440 176 61617 2 61696 179 61952 179 62208 176 62385 2 62464 179 62720 180 62976 180 63232 180 63488 180 63744 181 64000 181 64256 179 64436 1 64512 178 64691 2 64768 179 64948 2 65024 182 65280 182
500314,0 4800 4801 15526 20328 256 20585 3608 24194 255 24450 253 24708 250 24965 245 25223 242 25481 240 25735 6 25742 235 25996 237 26252 237 26510 235 26766 236 27023 235 27262 4 27280 235 27517 6 27536 5 27542 238 27791 3 27795 240 28047 245 28304 244 28560 7 28568 237 28816 245 29071 249 29322 1 29326 1 29329 245 29576 8 29585 1789 31376 254 31633 256 31890 186 32078 66 32148 183 32334 63 32406 181 32588 66 32657 1 32660 183 32845 1 32847 65 32917 181 33102 67 33171 184 33358 66 33426 186 33613 255 33869 767 34637 244 34888 3 34895 82 34978 160 35146 1 35150 241 35402 2 35407 239 35658 3 35663 240 35915 2 35920 241 36172 2 36176 242 36427 3 36433 241 36690 240 36947 239 37202 239 37460 237 37705 1 37716 242 37960 5 37972 249 38228 250 38484 251 38739 252 38995 253 39251 254 39507 1280 40788 257 41046 509 41556 254 41812 253 42067 510 42578 3334 45913 255 46170 251 46422 2 46428 250 46679 1 46685 248 46942 247 47198 247 47454 246 47710 245 47967 243 48224 242 48476 247 48731 249 48986 4 48991 249 49242 5 49248 248 49498 4 49506 252 49762 253 50018 254 50274 517 50792 258 51052 252 51307 252 51566 249 51821 253 52079 252 52335 252 52590 254 52848 252 53106 251 53360 254 53616 254 53871 1020 54892 10644
489967,0 65536
692688,0 6144 6145 255 6401 255 6657 255 6914 254 7171 253 7427 253 7683 253 7939 253 8196 252 8452 252 8709 251 8965 251 9221 251 9478 250 9734 250 9990 250 10247 249 10503 249 10759 249 11014 250 11270 250 11527 249 11783 1 11785 247 12041 247 12297 247 12552 248 12808 1 12810 246 13065 247 13321 1 13323 245 13579 245 13835 245 14090 246 14348 244 14603 245 14861 243 15117 243 15374 242 15630 242 15886 242 16143 241 16399 241 16655 241 16910 1 16912 240 17168 240 17425 239 17681 239 17937 239 18193 239 18448 1 18450 238 18705 239 18961 1 18963 237 19217 1 19219 237 19475 237 19730 238 19988 236 20243 237 20501 235 20757 235 21013 235 21268 1 21270 234 21526 234 21781 235 22039 233 22295 233 22551 233 22808 232 23064 232 23321 231 23577 231 23833 231 24088 232 24346 230 24602 230 24859 229 25115 229 25371 229 25626 1 25628 228 25883 229 26139 229 26397 227 26653 227 26908 228 27164 1 27166 226 27421 227 27677 1 27679 225 27935 225 28191 225 28446 1 28448 224 28704 224 28959 225 29215 1 29217 223 29473 223 29729 223 29986 222 30242 222 30499 221 30755 221 31011 221 31268 220 31524 220 31780 220 32037 219 32293 219 32549 219 32804 220 33062 218 33317 219 33575 217 33831 217 34086 218 34342 1 34344 216 34599 217 34855 1 34857 215 35113 215 35369 215 35624 216 35882 214 36137 215 36393 1 36395 213 36651 213 36907 213 37162 214 37420 212 37675 213 37933 211 38189 211 38445 211 38702 210 38958 210 39215 209 39471 209 39727 209 39983 209 40240 208 40495 209 40753 207 41009 207 41265 207 41520 1 41522 206 41777 207 42033 207 42289 1 42291 205 42547 205 42802 206 43058 1 43060 204 43315 205 43571 1 43573 203 43829 203 44085 203 44340 204 44598 202 44853 203 45111 201 45367 201 45623 201 45880 200 46136 200 46393 199 46649 199 46905 199 47160 1 47162 198 47418 198 47673 199 47931 197 48187 197 48443 197 48698 1 48700 196 48955 197 49211 1 49213 195 49467 1 49469 195 49725 195 49980 196 50236 196 50493 195 50749 1 50751 193 51007 193 51263 193 51518 1 51520 192 51776 192 52031 193 52289 191 52545 191 52801 191 53056 1 53058 190 53314 190 53570 190 53827 189 54083 189 54339 189 54596 188 54853 187 55109 187 55365 187 55621 187 55876 1 55878 186 56134 186 56389 187 56647 185 56903 185 57158 186 57414 1 57416 184 57671 185 57927 1 57929 183 58185 183 58441 183 58696 184 58954 182 59209 183 59465 1 59467 181 59723 181 59979 181 60234 1 60236 180 60492 180 60747 181 61005 179 61261 179 61518 178 61774 178 62030 178 62287 177 62543 177 62799 177 63054 178 63312 176 63567 177 63825 175 64081 175 64336 176 64592 176 64849 175 65105 175 65363 173
701596,0 65536
000028,0 65536
254228,0 65536
442157,0 65536
566885,144 112 398 114 651 117 904 120 1156 124 1410 126 1664 128 1916 132 2170 134 2425 135 2677 139 2931 141 3184 144 3440 2 3443 141 3686 7 3695 145 3941 9 3951 145 4192 160 4444 164 4696 2 4699 165 4951 169 5206 170 5459 173 5711 177 5961 183 6217 8 6226 174 6471 185 6725 187 6981 187 7235 189 7490 190 7733 1 7743 193 7986 4 7998 194 8240 7 8252 196 8488 1 8490 214 8740 1 8742 218 8992 224 9245 227 9498 230 9750 234 10003 237 10255 241 10508 244 10761 247 11013 251 11267 54269
787614,0 65536
596931,0 2566 2567 2041 4610 12073 16685 254 16941 254 17196 5852 23049 554 23605 254 23860 41676
192744,0 65536
000017,225 31 481 31 738 30 994 30 1250 30 1507 29 1764 28 2020 28 2278 26 2535 25 2793 23 3051 21 3308 20 3565 19 3822 18 4078 18 4335 17 4592 16 4850 14 5106 14 5363 13 5619 13 5876 12 6133 11 6389 11 6646 10 6902 10 7159 9 7416 8 7672 8 7928 8 8184 8 8440 8 8696 8 8952 8 9208 8 9464 8 9720 8 9976 8 10233 7 10490 6 10747 5 11004 4 11261 3 11518 1 40090 7 40343 14 40596 19 40851 22 41107 24 41363 26 41620 27 41876 29 42134 29 42391 30 42649 29 42907 30 43165 29 43423 27 43680 26 43937 26 44194 25 44451 24 44707 23 44964 21 45220 21 45476 21 45732 19 45801 12 45989 18 46047 26 46077 3 46245 18 46271 6 46278 1 46300 36 46501 17 46524 1 46526 9 46554 38 46757 16 46775 2 46778 13 46808 40 47014 16 47031 17 47063 41 47267 38 47317 43 47522 39 47572 44 47778 42 47822 50 48034 94 48290 94 48547 93 48802 94 49058 94 49314 94 49569 95 49825 95 50080 96 50335 97 50590 98 50845 99 51101 99 51357 99 51612 100 51867 101 52123 101 52378 102 52635 101 52891 101 53149 99 53407 97 53664 96 53921 95 54177 95 54435 93 54693 91 54950 90 55207 89 55464 88 55720 88 55978 86 56235 85 56492 84 56748 84 57007 81 57264 80 57522 78 57780 76 58038 74 58294 74 58551 73 58808 72 59065 71 59321 71 59578 70 59838 66 60094 66 60350 66 60604 1 60606 66 60860 68 61115 69 61370 70 61625 71 61881 71 62137 71 62393 71 62648 72 62905 71 63161 71 63419 69 63674 70 63930 70 64188 68 64443 69 64697 71 64952 72 65207 73 65464 72
293458,0 193 217 232 474 231 731 230 983 2 988 5 995 102 1099 118 1239 1 1244 5 1251 221 1496 1 1501 226 1749 114 1864 118 2004 232 2260 231 2513 232 2768 114 2883 115 3022 116 3139 114 3278 229 3534 229 3790 229 4045 230 4301 231 4557 233 4813 233 5070 234 5326 235 5582 236 5838 1 5840 236 6092 2 6096 237 6348 241 6604 243 6860 243 7116 247 7364 1 7369 508 7879 768 8648 255 8906 254 9162 254 9419 250 9671 2 9674 10394 20069 258 20328 1010 21339 280 21620 255 21876 990 22867 255 23123 3 23128 254 23385 249 23636 3 23641 675 24318 252 24574 134 24710 115 24832 132 24969 33 25008 71 25088 132 25225 38 25268 65 25344 132 25482 93 25579 9 25600 87 25689 43 25740 85 25836 6 25856 88 25946 42 25997 79 26112 133 26253 76 26368 133 26510 72 26587 1 26624 73 26700 58 26766 43 26810 23 26880 74 26958 57 27024 53 27087 1 27136 66 27204 8 27215 56 27281 43 27325 1 27327 5 27392 65 27460 68 27537 43 27648 65 27715 69 27794 43 27904 65 27970 4 27975 65 28051 10 28062 30 28160 71 28233 63 28307 39 28416 71 28489 63 28564 39 28672 136 28821 36 28928 137 29076 36 29184 137 29331 10 29342 23 29440 137 29588 30 29619 1 29696 137 29843 4 29851 2 29854 20 29952 138 30113 11 30208 140 30370 9 30464 141 30628 1 30720 142 30976 141 31232 139 31488 139 31744 138 32000 108 32109 27 32256 108 32366 24 32512 103 32616 15 32632 12 32768 119 32889 1 32891 7 33024 120 33149 1 33280 116 33536 102 33646 2 33792 100 34048 97 34304 94 34560 93 34816 86 35072 79 35328 75 35584 71 35840 67 36096 64 36352 61 36608 57 36864 54 37120 50 37376 48 37632 46 37888 38 37927 2 37931 2 38144 36 38400 31 38433 1 38656 29 38912 29 39168 21 39193 1 39424 14 39443 1 39680 6 39687 2 39936 5 40192 3 40448 2 40704 3
112782,0 65536
196973,0 65536
000033, 
982804,0 65536
986585,0 65536
470274,0 65536
317877,0 54268 54270 3069 57340 1025 58366 4871 63240 253 63496 253 63751 229 63981 24 64007 254 64263 254 64519 207 64727 3 64733 254 64990 40 65031 196 65229 11 65247 38 65289 206 65503 33
000050, 
143150,0 65536
680771,0 65536
000078,0 65536
563999,0 15638 15641 252 15897 251 16154 248 16407 1 16409 249 16662 252 16918 253 17173 3312 20486 256 20744 254 21000 5 21006 249 21256 1 21258 2 21263 244 21509 2 21515 1 21519 244 21777 243 22034 80 22115 6 22123 153 22279 1 22285 1 22289 88 22379 153 22541 2 22544 89 22635 152 22796 91 22888 2 22891 151 23050 1 23052 92 23146 152 23299 14 23314 85 23400 1 23402 1 23404 4 23409 145 23555 16 23572 3 23579 72 23653 2 23656 1 23661 1 23666 144 23811 15 23828 3 23833 75 23909 5 23923 1 23925 142 24068 14 24083 2 24086 4 24091 79 24179 1 24181 142 24324 14 24339 6 24346 79 24437 153 24591 1 24593 2 24596 86 24692 154 24848 86 24935 3 24949 151 25103 89 25193 1 25205 153 25359 89 25449 2 25461 242 25704 5 25718 246 25975 244 26222 1 26231 160 26398 80 26479 1 26487 160 26650 1 26653 83 26742 142 26885 3 26889 15 26911 82 26995 144 27140 1 27142 18 27167 81 27253 142 27396 21 27420 85 27506 1 27510 164 27675 81 27757 255 28013 256 28270 255 28526 2068 30595 2 30598 161 30760 89 30850 2 30857 154 31012 3 31016 89 31106 1 31112 154 31274 88 31363 1 31368 1 31371 152 31530 89 31627 150 31784 77 31862 12 31882 150 32038 78 32117 3 32121 9 32132 156 32294 77 32373 1 32376 168 32546 74 32623 5 32629 1 32632 169 32802 73 32876 1 32880 4 32885 246 33132 2 33136 249 33388 2 33392 6 33399 242 33644 4 33650 1 33652 1 33655 3532 37188 255 37445 254 37700 5212 42913 255 43169 253 43423 256 43681 14182 57864 255 58121 249 58371 3 58375 1 58377 7159
000013,197 11 453 11 710 9 966 8 1224 2 6792 5 7047 7 7302 9 7557 10 7812 12 8068 12 8323 13 8579 13 8836 11 9092 4 9907 3 10161 6 10385 2 10417 7 10624 3 10641 2 10672 8 10878 10 10896 3 10928 8 11133 12 11148 7 11184 9 11388 24 11438 11 11456 8 11644 25 11693 16 11711 10 11901 24 11948 30 12157 25 12203 31 12414 24 12459 31 12670 25 12714 31 12926 24 12969 31 13182 24 13225 30 13438 24 13480 30 13694 23 13736 30 13950 22 13992 30 14205 22 14248 30 14460 23 14504 30 14715 23 14760 30 14971 23 15016 31 15226 23 15271 18 15290 14 15481 24 15527 16 15547 14 15737 23 15782 16 15804 14 15993 22 16037 17 16060 15 16077 3 16249 21 16293 17 16316 22 16505 20 16549 17 16572 24 16760 20 16805 17 16829 25 17017 18 17062 15 17086 26 17273 16 17318 14 17342 28 17529 16 17575 13 17598 30 17786 14 17832 12 17854 31 18043 12 18088 12 18110 31 18300 9 18345 11 18365 33 18602 9 18622 32 18859 8 18878 32 19117 4 19134 32 19385 38 19640 39 19895 40 20150 41 20406 41 20662 41 20918 41 21175 39 21431 39 21687 38 21943 37 22199 37 22455 37 22710 37 22965 38 23221 37 23477 37 23733 36 23988 36 24244 35 24500 34 24756 34 25012 32 25268 31 25524 30 25780 30 26037 29 26293 30 26550 29 26807 28 27064 7 27073 19 27322 3 27331 17 27587 18 27845 17 28102 17 28359 17 28616 16 28873 15 29130 14 29387 13 29644 12 29902 9 30159 6
570211,0 65536
842508,137 119 393 119 649 119 906 118 1162 118 1418 118 1674 118 1930 118 2187 117 2443 117 2699 1 2701 115 2955 1 2957 115 3212 116 3468 116 3724 116 3982 114 4238 114 4494 114 4751 113 5007 113 5263 113 5519 113 5775 113 6031 113 6288 112 6544 112 6800 112 7057 111 7313 111 7569 111 7825 111 8081 111 8336 112 8593 111 8848 112 9105 111 9361 111 9617 111 9873 111 10129 1 10131 109 10387 109 10643 109 10899 109 11154 110 11410 1 11412 108 11668 108 11925 107 12181 107 12437 107 12692 108 12948 108 13204 108 13460 108 13716 108 13973 107 14230 106 14485 107 14743 105 14999 105 15255 105 15511 105 15767 105 16023 105 16280 104 16537 103 16793 103 17049 103 17304 104 17561 103 17817 103 18074 102 18330 102 18586 102 18842 102 19099 101 19355 101 19612 100 19867 101 20123 101 20378 1 20380 100 20636 100 20892 100 21148 100 21405 99 21661 99 21917 99 22174 98 22430 98 22686 98 22942 98 23196 1 23198 98 23454 98 23710 98 23966 98 24222 98 24478 98 24733 99 24990 98 25246 98 25502 98 25760 96 26016 96 26273 95 26528 96 26784 96 27040 96 27296 96 27552 96 27808 96 28065 95 28321 95 28577 95 28833 95 29090 94 29346 94 29602 94 29858 94 30114 94 30371 93 30627 93 30883 93 31139 93 31395 93 31652 92 31908 92 32164 92 32420 92 32677 91 32933 91 33189 91 33445 91 33701 91 33957 91 34214 90 34470 90 34726 90 34982 90 35239 89 35495 89 35751 89 36007 89 36264 88 36520 88 36776 88 37032 88 37288 88 37545 87 37801 87 38057 87 38313 87 38569 87 38826 86 39082 86 39338 86 39594 86 39851 85 40107 85 40363 85 40620 84 40877 83 41133 83 41389 83 41646 82 41902 82 42158 82 42414 82 42669 83 42925 83 43181 83 43437 83 43694 82 43950 82 44206 82 44462 82 44719 81 44975 81 45231 81 45487 81 45744 80 46000 80 46256 80 46512 80 46768 80 47025 79 47281 79 47539 77 47794 78 48050 78 48306 78 48563 77 48820 76 49076 76 49332 76 49589 75 49845 75 50101 75 50357 75 50613 75 50869 75 51125 75 51381 75 51638 74 51893 75 52149 75 52405 75 52662 74 52918 74 53174 74 53430 74 53686 74 53943 73 54199 73 54455 73 54711 73 54967 73 55223 73 55480 72 55736 72 55992 72 56248 72 56505 71 56761 71 57017 71 57273 71 57529 71 57785 71 58042 70 58298 70 58554 70 58811 69 59067 69 59324 68 59581 67 59836 68 60092 68 60348 68 60604 68 60861 67 61117 67 61373 67 61629 67 61885 67 62142 66 62398 66 62655 65 62910 66 63166 66 63422 66 63679 65 63935 65 64191 65 64447 65 64704 64 64960 64 65216 64 65472 64
562305,0 3 9 31 41 6 157 102 266 21 288 8 299 1 301 1 414 98 513 1 523 11 535 8 544 9 557 3 670 100 779 5 785 1 788 1 792 1 794 4 801 1 803 2 927 99 1034 8 1044 1 1050 4 1057 1 1059 2 1183 99 1290 8 1300 2 1306 4 1313 1 1439 99 1546 8 1557 1 1562 4 1568 2 1694 100 1802 7 1817 6 1824 2 1838 1 1950 100 2056 9 2070 12 2091 1 2205 101 2313 7 2326 12 2345 2 2457 1 2461 101 2566 9 2582 12 2596 1 2600 3 2714 1 2716 102 2823 5 2829 2 2838 12 2852 6 2971 104 3078 6 3085 1 3094 11 3108 5 3227 101 3329 1 3331 2 3334 9 3350 10 3364 4 3482 105 3590 5 3596 3 3605 12 3619 5 3651 1 3738 106 3846 9 3860 17 3878 1 3921 2 3994 106 4102 10 4114 14 4129 2 4132 1 4172 4 4177 1 4249 108 4358 30 4425 5 4433 1 4506 133 4640 1 4643 3 4680 7 4763 3 4769 127 4933 10 4946 1 5020 2 5026 100 5127 18 5146 7 5187 10 5206 1 5283 118 5404 1 5406 7 5446 1 5449 4 5460 2 5498 2 5540 116 5666 1 5701 1 5716 1 5754 3 5785 1 5796 116 5913 1 5918 1 6010 5 6052 116 6265 6 6302 1 6305 120 6435 2 6472 2 6521 7 6557 110 6670 13 6729 1 6777 11 6811 109 6926 13 6940 3 7034 10 7068 107 7181 19 7289 9 7299 1 7324 106 7435 18 7545 9 7579 107 7691 19 7800 9 7834 110 7946 17 7964 1 8057 9 8091 110 8202 19 8313 9 8347 130 8570 7 8604 123 8729 1 8827 6 8861 10 8872 112 9084 5 9117 106 9224 14 9239 1 9341 2 9375 4 9382 97 9480 15 9597 2 9632 3 9638 109 9748 1 9853 1 9893 109 10149 109 10259 1 10262 1 10359 1 10406 1 10409 92 10502 15 10518 3 10574 1 10614 1 10665 1 10667 87 10756 1 10759 1 10762 12 10776 1 10830 1 10832 3 10878 1 10923 87 11014 16 11086 1 11088 2 11179 1 11182 84 11271 13 11342 4 11438 84 11527 13 11599 4 11694 84 11783 14 11855 1 11857 2 11908 2 11951 83 12035 2 12043 10 12113 3 12149 1 12162 4 12208 82 12292 1 12299 9 12363 3 12370 2 12403 3 12407 1 12417 6 12465 81 12554 11 12617 6 12626 3 12658 1 12660 2 12663 1 12671 8 12722 80 12812 9 12873 1 12875 3 12883 1 12925 9 12936 1 12978 78 13057 1 13069 9 13079 2 13173 1 13175 3 13180 11 13234 78 13313 1 13325 13 13342 2 13429 1 13431 16 13489 79 13581 19 13680 1 13685 1 13688 16 13746 78 13837 20 13935 2 13941 3 13946 11 13958 3 14003 77 14092 22 14191 3 14197 2 14200 1 14202 6 14209 4 14214 3 14259 77 14346 2 14349 5 14355 3 14360 1 14362 12 14393 1 14395 6 14403 1 14446 5 14453 14 14468 1 14470 4 14516 76 14602 8 14612 2 14620 11 14648 12 14696 1 14699 9 14710 8 14719 4 14725 5 14772 76 14858 7 14868 2 14877 10 14904 1 14906 10 14948 14 14967 12 14981 6 15030 74 15113 10 15133 10 15159 13 15173 1 15202 15 15224 11 15238 5 15287 73 15369 11 15390 11 15415 15 15457 17 15476 1 15479 12 15494 5 15543 73 15623 11 15646 11 15672 14 15713 17 15735 12 15751 4 15800 74 15879 13 15902 12 15927 17 15946 1 15969 18 15989 14 16008 2 16056 74 16134 14 16154 16 16183 17 16225 19 16245 12 16259 2 16264 2 16312 1 16314 72 16387 1 16390 18 16409 18 16439 19 16479 33 16516 5 16568 116 16695 21 16737 34 16773 4 16826 75 16902 42 16951 21 16973 1 16982 1 16991 1 16993 31 17026 2 17029 1 17082 75 17158 41 17206 28 17237 2 17247 37 17338 74 17414 46 17461 36 17498 2 17502 39 17543 1 17594 76 17671 125 17851 4 17856 1 17858 62 17921 4 17927 116 18044 9 18107 4 18114 62 18177 2 18180 1 18183 38 18222 88 18363 4 18369 65 18436 41 18478 84 18565 2 18622 1 18625 65 18693 40 18734 81 18816 2 18821 1 18878 1 18881 65 18947 1 18949 1 18951 34 18987 83 19073 2 19076 1 19137 65 19203 2 19206 37 19244 83 19329 3 19394 67 19463 22 19487 9 19497 2 19500 84 19585 2 19651 67 19719 21 19742 10 19753 2 19756 86 19843 1 19907 97 20005 2 20010 1 20013 2 20016 81 20098 3 20164 86 20252 7 20261 1 20269 84 20419 87 20509 9 20519 1 20527 82 20675 88 20764 16 20782 84 20876 3 20930 108 21039 88 21132 3 21186 198 21385 1 21387 5 21441 207 21697 207 21907 1 21955 205 22210 184 22395 19 22465 181 22648 8 22657 11 22669 1 22720 183 22904 4 22910 3 22914 10 22978 181 23160 4 23167 2 23170 10 23234 186 23423 14 23489 204 23745 203 23999 205 24255 187 24443 17 24511 124 24638 78 24767 122 24892 80 25024 7 25032 113 25147 83 25279 3 25287 115 25403 83 25535 3 25540 205 25799 201 26054 202 26310 202 26565 203 26820 204 27076 204 27332 204 27588 203 27841 1 27846 201 28097 2 28100 1 28102 201 28354 1 28360 198 28611 1 28614 1 28616 4 28621 187 28809 4 28863 1 28866 1 28874 193 29070 1 29123 1 29128 1 29130 191 29325 1 29388 189 29643 186 29839 1 29899 186 30094 2 30155 185 30350 1 30399 1 30411 184 30603 2 30668 184 30860 1 30862 4 30925 108 31035 57 31093 15 31116 7 31180 110 31291 73 31365 1 31372 8 31433 113 31547 73 31621 1 31626 11 31689 189 31879 15 31947 203 32203 202 32460 200 32717 158 32876 40 32973 160 33134 38 33229 48 33278 112 33391 36 33485 48 33535 144 33681 2 33740 45 33791 143 33996 33 34030 10 34047 140 34251 34 34290 4 34303 138 34507 28 34537 1 34542 8 34558 104 34663 33 34763 34 34799 8 34815 103 34919 32 35003 2 35015 1 35017 9 35027 9 35039 11 35053 11 35070 104 35175 29 35205 1 35259 5 35270 2 35274 1 35278 43 35326 140 35514 6 35526 2 35536 42 35581 141 35729 1 35768 10 35789 190 36024 11 36042 193 36281 11 36297 178 36476 16 36497 1 36537 13 36552 48 36601 3 36605 140 36752 5 36793 63 36860 125 36988 13 37003 3 37008 2 37049 66 37116 1 37118 122 37244 23 37305 67 37374 122 37497 1 37501 22 37524 3 37561 24 37586 166 37756 1 37758 26 37818 23 37844 195 38073 22 38098 197 38329 223 38584 224 38840 223 39097 222 39353 222 39609 222 39865 224 40122 32 40155 190 40378 32 40412 190 40634 33 40669 190 40891 33 40926 179 41107 11 41147 34 41183 28 41212 150 41364 12 41403 34 41438 31 41470 148 41623 10 41658 65 41724 148 41873 2 41879 9 41914 218 42136 9 42169 27 42197 5 42203 185 42392 8 42401 1 42422 1 42426 38 42465 192 42677 3 42681 233 42927 3 42931 33 42965 8 42974 2 42978 192 43181 2 43184 9 43194 37 43233 194 43431 3 43435 2 43438 2 43441 7 43450 37 43488 217 43707 247 43955 45 44001 465 44467 45 44513 210 44724 7 44732 62 44797 127 44925 52 44978 8 44988 63 45054 123 45178 34 45213 21 45235 6 45243 57 45301 6 45310 124 45435 47 45483 1 45485 12 45498 4 45503 58 45563 1 45567 123 45692 44 45737 2 45743 14 45759 49 45813 3 45820 1 45822 120 45943 47 46001 12 46015 50 46069 3 46078 167 46258 4 46263 58 46325 2 46334 166 46514 4 46519 58 46581 2 46590 166 46773 1 46775 58 46837 3 46846 166 47033 57 47093 1 47103 165 47292 3 47297 48 47359 164 47524 1 47553 47 47602 1 47615 164 47780 1 47807 1 47809 1 47811 44 47871 167 48062 51 48128 167 48318 1 48320 3 48324 44 48384 167 48576 2 48579 44 48640 171 48832 3 48837 42 48896 173 49087 1 49090 44 49152 173 49341 2 49346 43 49408 173 49582 2 49598 47 49664 175 49855 45 49920 175 50111 45 50176 176 50367 44 50432 118 50552 57 50625 41 50688 8 50697 2 50700 106 50807 58 50881 27 50914 7 50944 4 50949 2 50953 2 50957 166 51139 22 51171 1 51200 2 51211 168 51394 20 51456 2 51467 171 51650 16 51712 1 51716 1 51722 171 51904 16 51968 1 51977 176 52160 15 52231 182 52417 12 52480 1 52487 170 52659 13 52673 8 52737 1 52742 171 52915 21 52992 2 52997 172 53170 18 53189 1 53248 1 53252 172 53426 1 53429 16 53504 2 53508 173 53683 15 53760 175 53936 18 54016 192 54272 189 54528 185 54784 183 55040 46 55087 1 55090 132 55296 44 55343 134 55552 44 55599 132 55808 46 55856 130 56064 177 56320 174 56576 170 56832 7 56840 157 57088 2 57091 4 57097 153 57344 5 57350 2 57353 152 57600 2 57605 3 57609 150 57856 2 57859 1 57862 149 58112 2 58115 1 58118 90 58209 55 58368 1 58374 91 58466 53 58624 2 58630 91 58722 51 58880 2 58884 93 58978 50 59136 2 59140 142 59392 2 59396 140 59648 139 59904 106 60011 32 60160 17 60178 120 60416 13 60433 2 60436 114 60672 2 60675 10 60690 115 60928 4 60933 8 60945 115 61184 3 61190 5 61201 109 61312 1 61314 1 61440 4 61446 4 61456 110 61696 2 61704 2 61707 3 61711 108 61952 4 61959 16 61976 98 62208 2 62216 113 62465 1 62473 107 62581 3 62728 107 62839 1 62977 1 62984 105 63232 2 63242 101 63488 2 63498 98 63744 1 63756 95 64000 2 64008 1 64011 1 64014 90 64256 2 64265 1 64267 2 64270 90 64524 4 64529 85 64771 3 64778 1 64780 4 64786 84 65029 2 65034 2 65037 4 65043 11 65055 70 65284 1 65290 2 65299 9 65312 69
810943,0 11 12 1 17 240 261 3 274 238 516 1 533 235 772 3 789 235 1027 2 1042 1 1045 235 1283 2 1298 238 1552 240 1804 2 1807 241 2060 244 2316 244 2563 1 2572 244 2817 1 2819 1 2829 246 3081 1 3085 247 3340 247 3595 247 3850 11 3863 235 4100 1 4106 11 4119 235 4361 11 4374 236 4615 252 4868 1 4870 253 5124 253 5380 1 5383 12 5396 237 5634 1 5638 1 5640 6 5647 242 5896 6 5903 242 6149 62 6212 189 6403 3 6407 251 6659 511 7171 2478 9657 18 9676 3 9680 223 9918 4 9925 6 9933 2 9937 223 10176 1 10194 221 10448 1 10450 220 10703 229 10960 229 11209 55 11265 1 11267 182 11464 56 11522 188 11714 62 11777 255 12033 255 12289 81 12371 173 12545 83 12629 51 12681 119 12801 80 12882 1 12885 171 13057 80 13142 170 13314 79 13394 2 13397 38 13436 132 13569 1 13571 81 13654 195 13850 232 14083 1 14086 18 14105 233 14339 21 14362 230 14593 1 14595 253 14849 255 15105 255 15361 37 15399 217 15617 37 15655 729 16385 1283 17669 256 17926 3126 21058 249 21311 251 21568 251 21823 1737 23561 283 23845 224 24070 255 24326 23 24350 231 24582 22 24605 6 24612 739 25352 255 25608 252 25861 254 26117 722 26840 44 26887 208 27096 41 27144 1 27148 6 27155 192 27349 44 27395 1 27407 196 27604 46 27651 2 27661 247 27912 250 28163 3 28169 759 28929 255 29186 1025 30212 255 30469 253 30726 251 30983 250 31234 2 31237 254 31495 251 31750 252 32005 253 32260 255 32516 255 32772 3 32776 251 33029 2 33032 251 33285 2 33288 251 33541 255 33798 254 34053 256 34310 53 34364 201 34567 254 34823 52 34877 199 35079 172 35252 80 35334 172 35508 81 35590 171 35764 81 35847 171 36019 82 36103 1 36106 165 36272 2 36275 80 36356 1 36359 1 36362 23 36386 137 36524 3 36528 85 36615 164 36780 1 36785 84 36870 66 36938 96 37041 84 37126 164 37294 254 37550 252 37803 116 37920 248 38170 2 38175 252 38428 1 38430 250 38682 253 38936 2223 41162 5 41168 247 41420 249 41677 247 41926 1 41929 349 42280 3 42285 239 42525 11 42537 2 42542 212 42756 254 43012 255 43271 252 43526 3 43530 249 43781 254 44037 254 44293 1 44296 251 44552 250 44803 2 44807 251 45059 1 45062 254 45318 253 45573 1336 46910 248 47164 1 47166 245 47412 2 47420 247 47676 247 47932 248 48186 250 48440 1 48442 251 48696 231 48928 255 49185 252 49438 1 49441 247 49689 4 49694 1 49696 253 49950 253 50204 511 50717 254 50974 253 51231 252 51486 251 51738 255 51994 255 52250 255 52506 7409 59918 2 59921 249 60174 253 60430 520 60951 256 61208 1392 62601 3 62608 2 62611 244 62858 1 62868 243 63125 240 63382 239 63638 239 63893 241 64149 241 64402 245 64648 2 64657 2 64660 250 64911 511 65423 113
468422,0 65536
331069,0 65536
726981,0 11235 11236 254 11491 508 12003 19 12023 232 12258 507 12766 254 13023 250 13274 1 13279 249 13530 2 13534 760 14296 253 14552 17225 31778 255 32034 255 32290 2388 34681 250 34939 247 35196 246 35453 245 35705 2 35708 240 35949 5 35955 1 35962 1 35964 245 36211 1 36220 238 36459 2 36462 5 36476 238 36715 11 36732 224 36957 19 36978 4 36988 249 37244 251 37499 766 38268 27268
461675,0 17676 17677 252 17930 255 18188 255 18444 254 18700 252 18953 1 18956 251 19209 1 19213 249 19464 2 19467 252 19720 2 19725 253 19982 252 20238 256 20495 45041
308936,0 65536
000005,0 65536
578073,0 65536
695503,0 65536
000047,0 65536
263633,0 65536
567096,0 65536
548413,0 65536
337798,0 65536
494025,0 22893 22894 253 23148 1025 24174 18552 42728 254 42984 254 43239 253 43493 254 43749 254 44004 10094 54099 11437
000037, 
246195,0 65536
000031, 
000019,0 65536
000039,0 65536
000076,0 65536
850742,0 65536
000020,0 65536
777433,0 65536
